team__displayName,team__abbrName,team__logoId,team__logo,player__position,player__rosterId,player__fullName,player__yearsPro,player__injuryLength,player__portraitId,player__jerseyNum,gamesPlayed,fantasy_points,defTotalCatchAllowed,defTotalDeflections,defTotalForcedFum,defTotalFumRec,defTotalInts,defTotalIntReturnYds,defTotalSacks,defTotalSafeties,defTotalTDs,defTotalTackles
49ers,SF,14,,DT,553386485,Alfred Collins,0,0,10521,95,11,16.00,0,0,0,0,0,0,1.00,0,0,14.00
49ers,SF,14,,SS,553388389,Marques Sigle,0,0,10726,36,8,13.00,0,1,0,0,0,0,0.00,0,0,13.00
49ers,SF,14,,REDGE,553388898,Mykel Williams,0,0,10782,98,8,24.00,0,0,0,0,0,0,6.00,0,0,12.00
49ers,SF,14,,WILL,553387660,Nick Martin,0,0,10647,45,15,41.00,0,2,0,1,1,15,0.00,0,0,38.00
49ers,SF,14,,CB,553388525,Upton Stout,0,0,10743,20,6,9.00,0,0,0,0,1,16,0.00,0,0,6.00
49ers,SF,14,,DT,553387302,Jordan Jefferson,1,0,10123,96,2,1.00,0,0,0,1,0,0,0.00,0,0,1.00
49ers,SF,14,,FS,553387899,Malik Mustapha,1,0,10191,6,15,35.00,1,4,2,2,0,0,0.00,0,0,29.00
49ers,SF,14,,CB,553386974,Renardo Green,1,0,10090,0,16,41.00,3,12,0,0,3,107,0.00,0,1,26.00
49ers,SF,14,,WILL,553388944,Dee Winters,2,0,2484,53,4,7.00,0,0,0,0,0,0,0.00,0,0,7.00
49ers,SF,14,,SS,553386316,Ji'Ayir Brown,2,0,1874,27,14,55.00,2,7,4,0,4,73,0.00,0,0,31.00
49ers,SF,14,,CB,553387083,Tre Hawkins III,2,0,10393,37,1,1.00,0,0,0,0,0,0,0.00,0,0,1.00
49ers,SF,14,,CB,553387562,Deommodore Lenoir,4,0,1205,2,16,42.00,1,4,0,0,1,42,0.00,0,0,39.00
49ers,SF,14,,FS,553388106,Jason Pinnock,4,0,1013,25,2,2.00,0,0,0,0,0,0,0.00,0,0,2.00
49ers,SF,14,,REDGE,553387209,Bryce Huff,5,0,1453,47,3,10.00,0,0,1,0,0,0,1.50,0,0,4.00
49ers,SF,14,,CB,553388881,Greedy Williams,6,0,9675,38,5,7.00,0,0,0,0,1,5,0.00,0,0,4.00
49ers,SF,14,,DT,553386921,Kevin Givens,6,0,9472,90,5,11.00,0,0,1,0,0,0,1.00,0,0,6.00
49ers,SF,14,,MIKE,553386906,Luke Gifford,6,0,298,57,3,6.00,0,0,0,0,0,0,0.00,0,0,6.00
49ers,SF,14,,LEDGE,553386243,Nick Bosa,6,0,9390,97,13,52.00,0,0,2,0,0,0,11.50,0,0,23.00
49ers,SF,14,,MIKE,553388792,Fred Warner,7,0,9101,54,16,59.00,3,1,0,0,2,35,0.00,0,0,53.00
49ers,SF,14,,SAM,553386394,De'Vondre Campbell,9,0,7935,52,2,1.00,0,1,0,0,0,0,0.00,0,0,1.00
49ers,SF,14,,SAM,553387458,Eric Kendricks,10,0,7200,50,14,54.00,2,6,0,1,5,82,0.00,0,1,33.00
Bears,CHI,0,,MIKE,553387233,Ruben Hyppolite II,0,0,10915,47,14,46.00,3,9,0,0,4,75,0.00,0,1,28.00
Bears,CHI,0,,DT,553388711,Shemar Turner,0,0,10761,95,12,30.00,1,1,0,2,0,0,4.00,0,1,16.00
Bears,CHI,0,,CB,553386853,Zah Frazier,0,0,10795,35,9,20.00,0,8,0,0,2,270,0.00,0,0,14.00
Bears,CHI,0,,LEDGE,553386232,Austin Booker,1,0,10016,94,2,2.00,0,0,0,0,0,0,0.00,0,0,2.00
Bears,CHI,0,,DT,553386631,Gervon Dexter Sr,2,0,2108,99,10,39.00,0,2,3,0,0,0,8.50,0,0,13.00
Bears,CHI,0,,MIKE,553388361,Noah Sewell,2,0,2390,44,1,2.00,0,0,0,0,0,0,0.00,0,0,2.00
Bears,CHI,0,,CB,553388452,Terell Smith,2,0,2403,32,9,10.00,0,2,0,0,0,0,0.00,0,0,10.00
Bears,CHI,0,,CB,553388503,Tyrique Stevenson,2,0,2411,29,13,39.00,0,4,0,0,3,88,0.00,0,1,24.00
Bears,CHI,0,,FS,553387134,Elijah Hicks,3,0,2528,22,6,11.00,0,1,0,0,0,0,0.00,0,0,11.00
Bears,CHI,0,,SS,553386285,Jaquan Brisker,3,0,1194,9,16,65.00,3,11,2,2,4,63,1.00,0,0,45.00
Bears,CHI,0,,CB,553386944,Kyler Gordon,3,0,1738,6,16,48.00,0,7,0,0,4,107,0.00,0,1,30.00
Bears,CHI,0,,WILL,553387966,Amen Ogbongbemiga,4,0,1001,45,2,2.00,0,0,0,0,0,0,0.00,0,0,2.00
Bears,CHI,0,,REDGE,553387958,Dayo Odeyingbo,4,0,799,55,10,33.00,0,1,2,2,0,0,4.00,0,0,19.00
Bears,CHI,0,,SAM,553388111,Anthony Pittman,5,0,1646,41,4,3.00,0,1,0,0,0,0,0.00,0,0,3.00
Bears,CHI,0,,CB,553387347,Jaylon Johnson,5,0,398,1,13,48.00,4,4,0,1,3,73,0.00,0,1,33.00
Bears,CHI,0,,SS,553388022,Jonathan Owens,6,0,1497,36,5,6.00,0,0,0,0,0,0,0.00,0,0,6.00
Bears,CHI,0,,LEDGE,553388557,Montez Sweat,6,0,9643,98,13,61.00,0,0,2,0,2,38,9.50,0,1,24.00
Bears,CHI,0,,WILL,553386712,T.J. Edwards,6,0,9449,53,10,14.00,0,1,0,0,0,0,0.00,0,0,14.00
Bears,CHI,0,,MIKE,553386706,Tremaine Edmunds,7,0,8875,49,16,56.00,7,8,2,0,2,10,1.00,0,0,42.00
Bears,CHI,0,,FS,553386375,Kevin Byard III,9,0,7928,31,14,39.00,0,9,0,0,1,1,0.00,0,0,36.00
Bears,CHI,0,,DT,553387296,Grady Jarrett,10,0,7185,50,1,1.00,0,0,0,0,0,0,0.00,0,0,1.00
Bengals,CIN,1,,MIKE,553386413,Barrett Carter,0,0,10517,49,5,10.00,3,0,0,0,0,0,0.00,0,0,10.00
Bengals,CIN,1,,SAM,553387488,Demetrius Knight Jr.,0,0,10627,44,16,39.00,2,10,0,0,1,0,2.00,0,0,32.00
Bengals,CIN,1,,LEDGE,553388507,Shemar Stewart,0,0,10742,97,13,67.00,0,3,1,1,0,0,14.00,0,1,30.00
Bengals,CIN,1,,SS,553386067,Daijahn Anthony,1,0,10000,33,3,6.00,0,0,1,0,0,0,0.00,0,0,3.00
Bengals,CIN,1,,CB,553387926,Josh Newton,1,0,10194,28,10,14.00,1,0,0,0,0,0,0.00,0,0,14.00
Bengals,CIN,1,,DT,553387308,Kris Jenkins Jr,1,0,10124,90,8,23.00,0,0,0,0,0,0,4.50,0,0,14.00
Bengals,CIN,1,,DT,553387277,McKinnley Jackson,1,0,10118,93,1,1.00,0,0,0,0,0,0,0.00,0,0,1.00
Bengals,CIN,1,,SAM,553388009,Anfernee Orji,2,0,2343,59,2,2.00,0,0,0,0,0,0,0.00,0,0,2.00
Bengals,CIN,1,,CB,553388703,DJ Turner II,2,0,2438,20,14,41.00,3,9,0,0,4,20,0.00,0,0,29.00
Bengals,CIN,1,,SS,553386157,Jordan Battle,2,0,1298,27,7,13.00,2,0,0,0,0,0,1.00,0,0,11.00
Bengals,CIN,1,,WILL,553387132,Shaka Heyward,2,0,2205,50,2,3.00,0,0,0,0,0,0,0.00,0,0,3.00
Bengals,CIN,1,,CB,553388589,Cam Taylor-Britt,3,0,1964,29,14,55.00,8,13,0,0,5,71,0.00,0,0,40.00
Bengals,CIN,1,,CB,553387145,Dax Hill,3,0,1766,23,14,27.00,3,6,0,0,1,11,1.00,0,0,22.00
Bengals,CIN,1,,LEDGE,553388014,Joseph Ossai,4,0,1190,58,1,3.00,0,0,0,0,0,0,1.00,0,0,1.00
Bengals,CIN,1,,CB,553388925,Marco Wilson,4,0,1124,24,1,2.00,0,0,0,0,0,0,0.00,0,0,2.00
Bengals,CIN,1,,DT,553388416,T.J. Slaton,4,0,828,98,1,3.00,0,0,0,0,0,0,1.00,0,0,1.00
Bengals,CIN,1,,FS,553388522,Geno Stone,5,0,590,22,15,50.00,5,12,1,0,2,323,1.00,0,1,33.00
Bengals,CIN,1,,MIKE,553388924,Logan Wilson,5,0,675,55,16,61.00,5,9,0,0,2,15,2.00,0,0,51.00
Bengals,CIN,1,,DT,553387143,B.J. Hill,7,0,8923,92,9,23.00,0,0,0,0,0,0,4.50,0,0,14.00
Bengals,CIN,1,,WILL,553386356,Oren Burks,7,0,8829,42,8,10.00,0,1,0,0,0,0,0.00,0,0,10.00
Bengals,CIN,1,,REDGE,553387111,Trey Hendrickson,8,0,8581,91,12,33.00,0,2,0,1,0,0,5.50,0,0,22.00
Bengals,CIN,1,,FS,553388396,Justin Simmons,9,0,8214,31,15,67.00,5,9,0,0,7,386,1.00,0,1,38.00
Bills,BUF,2,,REDGE,553387275,Landon Jackson,0,0,10608,94,1,2.00,0,0,0,0,0,0,0.00,0,0,2.00
Bills,BUF,2,,CB,553386999,Maxwell Hairston,0,0,10570,31,3,3.00,1,0,0,0,0,0,0.00,0,0,3.00
Bills,BUF,2,,DT,553388323,T.J. Sanders,0,0,10719,98,2,5.00,0,0,1,0,0,0,0.00,0,0,2.00
Bills,BUF,2,,MIKE,553386060,Joe Andreessen,1,0,10864,44,1,1.00,0,0,0,0,0,0,0.00,0,0,1.00
Bills,BUF,2,,WILL,553388878,Dorian Williams,2,0,2477,42,9,23.00,0,3,0,0,2,10,1.50,0,0,14.00
Bills,BUF,2,,CB,553386182,Christian Benford,3,0,2684,47,14,50.00,8,9,0,1,4,271,0.00,0,2,26.00
Bills,BUF,2,,MIKE,553386191,Terrel Bernard,3,0,1173,8,6,14.00,3,1,0,0,0,0,1.00,0,0,12.00
Bills,BUF,2,,FS,553387020,Damar Hamlin,4,0,1254,3,3,5.00,0,0,0,0,0,0,0.00,0,0,5.00
Bills,BUF,2,,LEDGE,553388286,Greg Rousseau,4,0,928,50,12,28.00,0,1,0,0,0,0,4.00,0,0,20.00
Bills,BUF,2,,SS,553387571,Cam Lewis,5,0,1474,39,4,6.00,0,0,0,0,0,0,0.00,0,0,6.00
Bills,BUF,2,,REDGE,553387167,Michael Hoecht,5,0,896,55,6,11.00,0,0,1,0,0,0,0.00,0,0,8.00
Bills,BUF,2,,DT,553387993,Ed Oliver,6,0,9589,91,11,34.00,0,1,1,0,0,0,5.00,0,0,21.00
Bills,BUF,2,,SS,553388168,Taylor Rapp,6,0,9606,9,14,46.00,6,4,1,0,4,61,1.00,0,0,29.00
Bills,BUF,2,,CB,553387358,Taron Johnson,7,0,8949,7,15,54.00,3,11,0,0,4,100,0.00,0,0,42.00
Bills,BUF,2,,FS,553387325,John Johnson III,8,0,8606,30,15,52.00,5,12,0,0,5,94,2.00,0,0,33.00
Bills,BUF,2,,WILL,553387792,Matt Milano,8,0,8664,58,13,36.00,5,12,0,0,1,0,1.50,0,0,30.00
Bills,BUF,2,,CB,553388854,Tre'Davious White,8,0,8775,27,5,5.00,0,0,0,0,0,0,0.00,0,0,5.00
Bills,BUF,2,,REDGE,553386242,Joey Bosa,9,0,7902,97,10,38.00,0,3,1,0,0,0,8.00,0,0,19.00
Bills,BUF,2,,MIKE,553388634,Shaq Thompson,10,0,7352,45,13,52.00,6,5,0,0,3,39,1.50,0,0,40.00
Bills,BUF,2,,DT,553387389,DaQuan Jones,11,0,6474,92,9,24.00,0,1,1,0,0,0,4.00,0,0,13.00
Bills,BUF,2,,SS,553388127,Jordan Poyer,12,0,6322,21,15,50.00,4,3,0,0,3,68,0.50,0,1,34.00
Broncos,DEN,3,,CB,553386138,Jahdae Barron,0,0,10485,23,14,44.00,6,6,0,0,7,855,0.00,0,0,23.00
Broncos,DEN,3,,DT,553387411,Sai'vion Jones,0,0,10616,95,1,1.00,0,0,0,0,0,0,0.50,0,0,0.00
Broncos,DEN,3,,DT,553386805,Braden Fiske,1,5,10072,55,11,34.00,0,0,1,0,0,0,7.50,0,0,16.00
Broncos,DEN,3,,REDGE,553386734,Jonah Elliss,1,0,10066,52,1,5.00,0,0,0,0,0,0,1.00,0,0,3.00
Broncos,DEN,3,,CB,553385990,Kris Abrams-Draine,1,0,9993,31,7,14.00,5,2,1,0,0,0,0.50,0,0,10.00
Broncos,DEN,3,,REDGE,553389006,Byron Young,2,0,2491,94,13,35.00,0,0,0,0,0,0,7.50,0,0,20.00
Broncos,DEN,3,,SAM,553388318,Drew Sanders,2,0,2382,41,10,22.00,1,2,1,0,3,29,0.50,0,0,9.00
Broncos,DEN,3,,CB,553387761,Ja'Quan McMillian,2,0,10421,29,7,9.00,0,0,0,0,0,0,0.00,0,0,9.00
Broncos,DEN,3,,SS,553388408,JL Skinner,2,0,2394,34,12,47.00,5,6,0,1,6,299,2.50,0,0,24.00
Broncos,DEN,3,,CB,553387866,Riley Moss,2,0,2330,21,12,37.00,2,4,1,0,2,276,1.00,0,0,26.00
Broncos,DEN,3,,FS,553387463,Devon Key,4,0,10408,26,5,9.00,3,1,0,0,0,0,0.00,0,0,9.00
Broncos,DEN,3,,LEDGE,553386513,Jonathon Cooper,4,0,910,0,10,31.00,0,3,1,1,0,0,5.50,0,1,11.00
Broncos,DEN,3,,CB,553388549,Patrick Surtain II,4,0,1301,2,14,67.00,2,5,0,0,8,160,1.00,0,3,23.00
Broncos,DEN,3,,SS,553387208,Talanoa Hufanga,4,0,1164,9,15,48.00,5,5,1,0,3,103,0.00,0,0,36.00
Broncos,DEN,3,,FS,553387379,Brandon Jones,5,4,404,22,13,37.00,1,4,0,1,4,67,0.00,0,0,25.00
Broncos,DEN,3,,MIKE,553388532,Justin Strnad,5,0,593,40,4,9.00,1,2,0,0,1,12,0.00,0,0,6.00
Broncos,DEN,3,,MIKE,553386977,Dre Greenlaw,6,0,9480,57,15,51.00,0,4,1,0,2,48,2.50,0,0,37.00
Broncos,DEN,3,,SAM,553386716,Sam Eguavoen,6,0,272,46,2,2.00,0,0,0,0,0,0,0.00,0,0,2.00
Broncos,DEN,3,,DT,553386038,Zach Allen,6,0,9366,99,12,25.00,0,3,0,0,0,0,5.00,0,0,15.00
Broncos,DEN,3,,WILL,553388405,Alex Singleton,7,0,573,49,11,17.00,0,1,0,0,1,15,0.00,0,0,14.00
Broncos,DEN,3,,DT,553386849,John Franklin-Myers,7,0,8892,98,2,3.00,0,0,0,0,0,0,0.00,0,0,3.00
Broncos,DEN,3,,FS,553387913,Ryan Neal,7,0,9872,36,1,1.00,0,0,0,0,0,0,0.00,0,0,1.00
Broncos,DEN,3,,DT,553387387,D.J. Jones,8,0,8610,93,1,1.00,0,0,0,0,0,0,0.00,0,0,1.00
Browns,CLE,4,,MIKE,553388344,Carson Schwesinger,0,0,10724,49,13,51.00,5,2,0,0,3,48,0.50,0,0,41.00
Browns,CLE,4,,DT,553386952,Mason Graham,0,0,10564,94,6,20.00,0,0,0,0,0,0,3.00,0,0,14.00
Browns,CLE,4,,DT,553387001,Mike Hall Jr,1,0,10095,51,13,35.00,0,0,0,0,0,0,6.50,0,0,22.00
Browns,CLE,4,,CB,553387034,Myles Harden,1,0,10098,26,3,3.00,0,0,0,0,0,0,0.00,0,0,3.00
Browns,CLE,4,,WILL,553388816,Nathaniel Watson,1,0,10287,40,3,5.00,0,0,0,0,0,0,0.00,0,0,5.00
Browns,CLE,4,,WILL,553388195,Winston Reid,1,0,10954,59,1,2.00,0,0,0,0,0,0,0.00,0,0,2.00
Browns,CLE,4,,CB,553387819,Cameron Mitchell,2,0,2315,29,2,6.00,3,0,0,0,0,0,0.00,0,0,6.00
Browns,CLE,4,,FS,553387133,Ronnie Hickman,2,0,2208,33,10,16.00,1,1,0,0,1,14,2.00,0,0,9.00
Browns,CLE,4,,CB,553386738,Martin Emerson Jr,3,0,1565,1,16,52.00,11,5,0,0,5,292,1.00,0,0,35.00
Browns,CLE,4,,CB,553387924,Greg Newsome II,4,0,1273,0,14,40.00,3,7,0,0,3,24,0.00,0,0,31.00
Browns,CLE,4,,WILL,553388024,Jeremiah Owusu-Koramoah,4,0,1060,6,15,67.00,7,16,0,0,7,62,0.50,0,0,45.00
Browns,CLE,4,,REDGE,553388689,Joe Tryon-Shoyinka,4,0,1020,90,3,3.00,0,0,0,0,0,0,0.00,0,0,3.00
Browns,CLE,4,,FS,553386623,Grant Delpit,5,0,249,9,15,42.00,3,4,0,0,1,22,1.00,0,0,37.00
Browns,CLE,4,,MIKE,553388769,Mykal Walker,5,0,642,53,3,3.00,0,0,0,0,0,0,0.00,0,0,3.00
Browns,CLE,4,,LEDGE,553386797,Clelin Ferrell,6,0,9455,97,12,32.00,1,2,1,0,0,0,6.50,1,0,14.00
Browns,CLE,4,,MIKE,553386369,Devin Bush,6,0,9408,30,8,15.00,0,0,1,0,0,0,0.00,0,0,12.00
Browns,CLE,4,,CB,553388787,Denzel Ward,7,0,9100,21,15,46.00,11,10,2,2,4,294,0.00,0,0,28.00
Browns,CLE,4,,SAM,553386113,Jerome Baker,7,0,8811,17,11,23.00,3,3,0,0,0,0,1.00,0,0,21.00
Browns,CLE,4,,SS,553388074,Jabrill Peppers,8,0,8684,32,16,74.00,6,12,1,0,7,118,1.00,0,1,42.00
Browns,CLE,4,,REDGE,553386889,Myles Garrett,8,0,8560,95,11,38.00,0,2,1,1,0,0,9.00,0,0,17.00
Browns,CLE,4,,SS,553387312,Rayshawn Jenkins,8,0,8601,5,2,2.00,0,0,0,0,0,0,0.00,0,0,2.00
Browns,CLE,4,,DT,553386487,Maliek Collins,9,0,7953,96,3,5.00,0,0,0,0,0,0,0.50,0,0,4.00
Browns,CLE,4,,DT,553387059,Shelby Harris,11,0,7164,93,4,6.00,0,0,0,0,0,0,1.00,0,0,4.00
Buccaneers,TB,5,,CB,553387859,Benjamin Morrison,0,0,10670,21,6,10.00,0,1,0,0,0,0,0.00,0,0,10.00
Buccaneers,TB,5,,CB,553388040,Jacob Parrish,0,0,10687,25,13,37.00,0,8,0,0,2,23,0.00,0,0,31.00
Buccaneers,TB,5,,FS,553388946,Rashad Wisdom,1,0,10992,38,1,1.00,0,0,0,0,0,0,0.00,0,0,1.00
Buccaneers,TB,5,,SS,553388457,Tykee Smith,1,0,10251,23,13,35.00,0,6,1,0,2,32,0.00,0,0,26.00
Buccaneers,TB,5,,DT,553387440,Calijah Kancey,2,0,2275,94,10,21.00,0,1,1,0,0,0,3.00,0,0,12.00
Buccaneers,TB,5,,CB,553387252,Christian Izien,2,0,10917,29,15,53.00,0,7,0,0,4,98,1.00,0,1,33.00
Buccaneers,TB,5,,SS,553387782,Kaevon Merriweather,2,0,2307,26,3,3.00,0,0,0,0,0,0,0.00,0,0,3.00
Buccaneers,TB,5,,WILL,553386626,SirVocea Dennis,2,0,2107,8,7,15.00,0,0,0,0,2,34,0.00,0,0,9.00
Buccaneers,TB,5,,REDGE,553386633,YaYa Diaby,2,0,2114,0,8,22.00,0,1,0,0,0,0,3.00,0,0,16.00
Buccaneers,TB,5,,CB,553387709,Zyon McCollum,3,0,1840,27,16,52.00,0,10,1,1,6,390,0.00,0,1,25.00
Buccaneers,TB,5,,FS,553388935,Antoine Winfield Jr,5,0,680,31,14,53.00,0,7,0,1,6,608,0.00,0,1,29.00
Buccaneers,TB,5,,LEDGE,553387916,Anthony Nelson,6,0,9586,98,3,5.00,0,0,0,0,0,0,0.00,0,0,5.00
Buccaneers,TB,5,,DT,553386875,Greg Gaines,6,0,9464,96,2,2.00,0,0,0,0,0,0,0.50,0,0,1.00
Buccaneers,TB,5,,CB,553386608,Jamel Dean,6,0,9435,35,13,31.00,0,12,0,0,3,1,0.00,0,0,22.00
Buccaneers,TB,5,,DT,553388741,Vita Vea,7,0,9093,50,9,18.00,0,1,0,0,0,0,3.50,0,0,11.00
Buccaneers,TB,5,,WILL,553388763,Anthony Walker Jr,8,0,8764,46,8,26.00,0,2,0,0,2,9,2.00,0,0,16.00
Buccaneers,TB,5,,LEDGE,553388181,Haason Reddick,8,0,8696,5,12,20.00,0,2,0,0,0,0,3.50,0,0,13.00
Buccaneers,TB,5,,MIKE,553387391,Deion Jones,9,0,8084,45,16,53.00,0,8,0,0,3,111,2.00,0,1,34.00
Buccaneers,TB,5,,REDGE,553386137,Shaquil Barrett,11,0,7656,56,4,4.00,0,0,0,0,0,0,0.00,0,0,4.00
Buccaneers,TB,5,,MIKE,553386572,Lavonte David,13,0,5133,54,16,70.00,0,6,2,0,5,46,0.00,0,0,49.00
Cardinals,ARI,6,,WILL,553388397,Cody Simon,0,0,10729,50,9,15.00,2,0,0,0,0,0,0.50,0,0,14.00
Cardinals,ARI,6,,CB,553386355,Denzel Burke,0,0,10511,29,1,1.00,0,0,0,0,0,0,0.00,0,0,1.00
Cardinals,ARI,6,,REDGE,553386351,Jordan Burch,0,0,10509,52,4,4.00,0,0,0,0,0,0,0.00,0,0,4.00
Cardinals,ARI,6,,SS,553386532,Kitan Crawford,0,0,10529,36,12,21.00,2,1,0,0,0,0,0.00,0,0,21.00
Cardinals,ARI,6,,DT,553387943,Walter Nolen,0,0,10681,97,13,32.00,0,1,1,0,0,0,4.00,0,0,21.00
Cardinals,ARI,6,,CB,553387364,Will Johnson,0,0,10614,0,12,43.00,4,3,0,0,2,251,0.00,0,0,37.00
Cardinals,ARI,6,,FS,553388590,Dadrion Taylor-Demerson,1,0,10260,42,2,3.00,1,0,0,0,0,0,0.00,0,0,3.00
Cardinals,ARI,6,,DT,553388247,Darius Robinson,1,0,10230,56,1,1.00,0,0,0,0,0,0,0.00,0,0,1.00
Cardinals,ARI,6,,CB,553387393,Elijah Jones,1,0,10132,28,1,1.00,0,0,0,0,0,0,0.00,0,0,1.00
Cardinals,ARI,6,,CB,553387779,Max Melton,1,0,10178,16,7,6.00,0,1,0,0,0,0,0.00,0,0,6.00
Cardinals,ARI,6,,SAM,553386430,Nelson Ceaser,1,0,10032,53,1,0.00,0,1,0,0,0,0,0.00,0,0,0.00
Cardinals,ARI,6,,CB,553388880,Garrett Williams,2,0,2478,21,15,37.00,1,2,2,0,0,0,1.00,0,0,29.00
Cardinals,ARI,6,,MIKE,553388033,Owen Pappoe,2,0,2347,44,8,12.00,2,1,0,0,1,16,0.00,0,0,9.00
Cardinals,ARI,6,,MIKE,553388303,J.J. Russell,3,0,4918,51,2,2.00,0,0,0,0,0,0,0.00,0,0,2.00
Cardinals,ARI,6,,LEDGE,553386329,Baron Browning,4,0,1041,5,8,31.00,0,0,0,0,0,0,6.00,0,0,19.00
Cardinals,ARI,6,,LEDGE,553386489,Zaven Collins,4,0,1012,25,8,12.00,0,2,0,0,1,8,0.00,0,0,9.00
Cardinals,ARI,6,,MIKE,553386601,Akeem Davis-Gaither,5,0,245,27,16,65.00,3,2,0,0,2,44,2.00,0,1,49.00
Cardinals,ARI,6,,FS,553388631,Jalen Thompson,6,0,1532,34,13,35.00,3,6,0,1,0,0,0.00,0,0,35.00
Cardinals,ARI,6,,WILL,553388916,Mack Wilson Sr,6,0,9685,2,13,31.00,0,7,1,0,3,255,0.00,0,0,19.00
Cardinals,ARI,6,,CB,553387891,Sean Murphy-Bunting,6,0,9405,23,13,47.00,7,7,0,0,3,332,0.00,0,1,32.00
Cardinals,ARI,6,,REDGE,553388556,Josh Sweat,7,0,9073,10,12,43.00,0,3,0,1,2,49,3.00,0,1,25.00
Cardinals,ARI,6,,SS,553386111,Budda Baker,8,0,8472,3,13,41.00,2,3,1,2,1,0,0.50,0,0,34.00
Cardinals,ARI,6,,DT,553388657,Dalvin Tomlinson,8,0,8753,94,3,2.00,0,0,0,1,0,0,0.00,0,0,2.00
Cardinals,ARI,6,,DT,553386393,Calais Campbell,17,0,655,93,10,16.00,0,3,0,0,0,0,2.00,0,0,12.00
Chargers,LAC,7,,DT,553386388,Jamaree Caldwell,0,0,10513,99,1,1.00,0,0,0,0,0,0,0.00,0,0,1.00
Chargers,LAC,7,,CB,553387069,Cam Hart,1,0,10103,20,1,1.00,0,0,0,0,0,0,0.00,0,0,1.00
Chargers,LAC,7,,WILL,553386491,Junior Colson,1,0,10040,25,13,47.00,7,5,0,0,2,19,1.00,0,0,39.00
Chargers,LAC,7,,CB,553388511,Tarheeb Still,1,1,10255,29,11,44.00,0,4,0,1,4,24,1.00,0,1,24.00
Chargers,LAC,7,,WILL,553387112,Daiyan Henley,2,0,2186,0,14,79.00,3,6,1,0,1,7,6.00,0,0,61.00
Chargers,LAC,7,,DT,553387236,Siaki Ika,2,0,2599,62,1,1.00,0,0,0,0,0,0,0.00,0,0,1.00
Chargers,LAC,7,,LEDGE,553388697,Tuli Tuipulotu,2,0,2634,45,11,36.00,0,0,1,0,0,0,6.50,0,0,20.00
Chargers,LAC,7,,LEDGE,553387264,Drake Jackson,3,0,1776,93,1,3.00,0,0,0,0,0,0,0.50,0,0,2.00
Chargers,LAC,7,,CB,553388516,Benjamin St-Juste,4,0,1144,24,10,14.00,2,1,0,0,1,14,0.00,0,0,11.00
Chargers,LAC,7,,FS,553387829,Elijah Molden,4,0,1341,2,13,42.00,3,11,0,0,1,0,0.00,0,0,39.00
Chargers,LAC,7,,FS,553386915,Alohi Gilman,5,0,703,32,8,22.00,8,1,0,0,0,0,0.50,0,0,21.00
Chargers,LAC,7,,DT,553388569,Teair Tart,5,0,1523,90,7,13.00,0,0,0,0,0,0,3.00,0,0,7.00
Chargers,LAC,7,,MIKE,553386699,Troy Dye,5,0,266,43,5,11.00,4,0,0,0,0,0,0.00,0,0,11.00
Chargers,LAC,7,,SAM,553388088,Del'Shawn Phillips,6,0,1501,53,1,2.00,0,0,0,0,0,0,0.00,0,0,2.00
Chargers,LAC,7,,DT,553387027,Da'Shawn Hand,7,0,8910,91,3,10.00,0,1,0,0,0,0,1.00,0,0,8.00
Chargers,LAC,7,,SS,553387288,Derwin James Jr,7,4,8943,3,12,45.00,4,3,3,1,1,1,0.00,0,0,33.00
Chargers,LAC,7,,CB,553387263,Donte Jackson,7,0,8936,26,8,21.00,7,2,0,0,1,0,1.00,0,0,16.00
Chargers,LAC,7,,CB,553387864,Emmanuel Moseley,7,0,9869,4,10,19.00,3,5,0,0,0,0,0.00,0,0,19.00
Chargers,LAC,7,,DT,553387971,Larry Ogunjobi,8,8,8680,95,7,15.00,0,2,0,0,0,0,3.50,0,0,8.00
Chargers,LAC,7,,CB,553386981,Shaquill Griffin,8,0,8570,37,11,42.00,5,7,0,1,2,116,0.50,0,1,29.00
Chargers,LAC,7,,REDGE,553386842,Morgan Fox,9,0,8325,94,3,5.00,0,0,0,0,0,0,1.00,0,0,3.00
Chargers,LAC,7,,LEDGE,553386690,Bud Dupree,10,0,7095,48,2,1.00,0,1,0,0,0,0,0.00,0,0,1.00
Chargers,LAC,7,,SAM,553388080,Denzel Perryman,10,0,7276,6,7,9.00,0,3,0,0,0,0,0.00,0,0,9.00
Chargers,LAC,7,,DT,553388094,Jordan Phillips,10,0,7279,96,2,4.00,0,0,0,0,0,0,1.00,0,0,2.00
Chargers,LAC,7,,MIKE,553386020,Kwon Alexander,10,0,6989,51,6,17.00,2,1,0,0,0,0,0.50,0,0,16.00
Chargers,LAC,7,,REDGE,553387635,Khalil Mack,11,0,6504,52,9,29.00,0,2,1,0,1,11,3.00,0,0,17.00
Chiefs,KC,8,,REDGE,553386914,Ashton Gillotte,0,0,10561,97,9,23.00,1,1,0,0,0,0,4.00,0,0,15.00
Chiefs,KC,8,,MIKE,553386379,Cooper McDonald,0,0,0,59,8,11.00,4,2,0,0,0,0,0.00,0,0,11.00
Chiefs,KC,8,,WILL,553386149,Jeffrey Bassa,0,0,10487,31,3,3.00,0,0,0,0,0,0,0.00,0,0,3.00
Chiefs,KC,8,,CB,553388899,Nohl Williams,0,0,10783,20,10,16.00,3,2,0,0,1,27,1.00,0,0,11.00
Chiefs,KC,8,,DT,553387944,Omarr Norman-Lott,0,0,10682,55,3,3.00,0,0,0,0,0,0,0.00,0,0,3.00
Chiefs,KC,8,,SS,553387136,Jaden Hicks,1,0,10107,21,10,20.00,1,3,1,0,1,25,0.00,0,0,14.00
Chiefs,KC,8,,SS,553386496,Chamarri Conner,2,0,2062,27,14,49.00,5,8,0,0,4,88,0.00,0,0,37.00
Chiefs,KC,8,,FS,553386502,Bryan Cook,3,0,1303,6,14,50.00,5,6,0,0,2,290,0.00,0,0,44.00
Chiefs,KC,8,,LEDGE,553387443,George Karlaftis,3,0,1795,56,11,23.00,0,1,0,0,1,2,2.50,0,0,15.00
Chiefs,KC,8,,SAM,553386471,Jack Cochrane,3,0,3015,43,1,2.00,0,0,0,0,0,0,0.00,0,0,2.00
Chiefs,KC,8,,CB,553388813,Jaylen Watson,3,0,2014,35,8,18.00,4,3,0,0,0,0,1.50,0,0,15.00
Chiefs,KC,8,,CB,553388891,Joshua Williams,3,0,2034,2,1,1.00,0,0,0,0,0,0,0.00,0,0,1.00
Chiefs,KC,8,,SAM,553386441,Leo Chenal,3,0,1269,54,8,21.00,5,0,0,0,0,0,1.00,0,0,19.00
Chiefs,KC,8,,CB,553387724,Trent McDuffie,3,0,1844,22,15,46.00,13,6,0,0,2,20,0.00,0,0,40.00
Chiefs,KC,8,,MIKE,553386228,Nick Bolton,4,0,977,32,15,55.00,9,5,1,0,1,1,2.50,0,0,44.00
Chiefs,KC,8,,CB,553386867,Kristian Fulton,5,0,286,8,15,53.00,15,10,0,0,1,12,0.00,0,0,50.00
Chiefs,KC,8,,REDGE,553386564,Mike Danna,5,0,853,51,7,9.00,0,1,0,1,0,0,0.00,0,0,9.00
Chiefs,KC,8,,LEDGE,553388001,Charles Omenihu,6,0,9592,90,6,14.00,0,0,0,0,0,0,2.50,0,0,9.00
Chiefs,KC,8,,WILL,553388676,Drue Tranquill,6,0,9659,23,15,70.00,6,8,1,0,4,36,2.00,0,0,51.00
Chiefs,KC,8,,DT,553387941,Derrick Nnadi,7,0,9005,92,7,14.00,0,0,0,0,0,0,1.00,0,0,12.00
Chiefs,KC,8,,DT,553387385,Chris Jones,9,0,8082,95,9,29.00,0,3,0,0,0,0,7.00,0,0,15.00
Colts,IND,9,,LEDGE,553388695,JT Tuimoloau,0,0,10760,91,12,30.00,0,4,0,1,1,6,4.00,0,0,19.00
Colts,IND,9,,WILL,553386404,Jaylon Carlies,1,0,10028,57,15,57.00,1,3,1,0,3,7,1.00,0,0,43.00
Colts,IND,9,,REDGE,553387537,Laiatu Latu,1,0,10150,97,10,18.00,0,2,0,0,0,0,2.00,0,0,14.00
Colts,IND,9,,FS,553388347,Daniel Scott,2,0,2385,32,3,3.00,0,0,0,0,0,0,0.00,0,0,3.00
Colts,IND,9,,CB,553387399,Jaylon Jones,2,0,2249,40,6,11.00,0,3,0,0,1,58,0.00,0,0,8.00
Colts,IND,9,,CB,553386207,Mekhi Blackmon,2,0,1551,29,6,9.00,0,1,0,0,1,74,0.00,0,0,6.00
Colts,IND,9,,SAM,553387879,Chad Muma,3,0,1860,55,8,13.00,0,1,0,0,0,0,0.00,0,0,13.00
Colts,IND,9,,FS,553386540,Nick Cross,3,0,1319,20,13,32.00,1,7,1,0,2,12,0.00,0,0,23.00
Colts,IND,9,,SS,553388605,Rodney Thomas II,3,0,2152,25,5,6.00,0,0,0,0,0,0,0.00,0,0,6.00
Colts,IND,9,,WILL,553387998,Segun Olubi,3,0,10433,50,3,3.00,0,1,0,0,0,0,0.00,0,0,3.00
Colts,IND,9,,SS,553386376,Camryn Bynum,4,0,1158,0,12,28.00,6,2,0,0,0,0,0.00,0,0,28.00
Colts,IND,9,,LEDGE,553388054,Kwity Paye,4,0,1056,51,7,15.00,0,1,0,0,0,0,3.00,0,0,9.00
Colts,IND,9,,SAM,553388091,Jacob Phillips,5,0,524,54,2,2.00,0,0,0,0,0,0,0.00,0,0,2.00
Colts,IND,9,,MIKE,553386098,Joe Bachie,5,0,81,48,3,2.00,0,1,0,0,0,0,0.00,0,0,2.00
Colts,IND,9,,CB,553388786,Charvarius Ward,7,0,9951,7,15,34.00,0,9,0,0,3,24,0.00,0,0,25.00
Colts,IND,9,,MIKE,553386848,Zaire Franklin,7,0,9777,44,15,82.00,0,7,1,0,5,83,0.00,0,2,52.00
Colts,IND,9,,DT,553388505,Grover Stewart,8,0,9293,90,11,18.00,0,0,0,1,0,0,2.00,0,0,14.00
Colts,IND,9,,CB,553387839,Kenny Moore II,8,0,9244,23,12,32.00,4,14,0,0,1,0,0.00,0,0,29.00
Colts,IND,9,,REDGE,553386702,Samson Ebukam,8,0,9177,52,3,8.00,0,0,1,1,0,0,1.00,0,0,3.00
Colts,IND,9,,DT,553386345,DeForest Buckner,9,0,7920,99,9,15.00,0,2,0,0,0,0,2.00,0,0,11.00
Colts,IND,9,,CB,553388292,Xavien Howard,9,0,8061,4,5,12.00,3,3,0,0,0,0,0.00,0,0,12.00
Colts,IND,9,,LEDGE,553386468,Jadeveon Clowney,11,0,6380,93,10,31.00,0,0,1,0,0,0,8.00,0,0,12.00
Commanders,WAS,25,,MIKE,553388051,Chris Paul Jr.,0,0,10688,49,2,8.00,2,1,0,0,1,60,0.00,0,0,5.00
Commanders,WAS,25,,MIKE,553387773,Kain Medrano,0,0,10659,56,15,41.00,2,5,0,0,4,37,0.00,0,0,29.00
Commanders,WAS,25,,CB,553386045,Trey Amos,0,0,10477,23,13,24.00,3,5,0,0,1,12,0.00,0,0,21.00
Commanders,WAS,25,,DT,553387925,Jer'Zhan Newton,1,0,10193,95,9,17.00,0,0,0,0,0,0,2.50,0,0,12.00
Commanders,WAS,25,,MIKE,553387641,Jordan Magee,1,0,10413,58,2,4.00,0,0,0,0,0,0,0.00,0,0,4.00
Commanders,WAS,25,,CB,553388306,Mike Sainristil,1,0,10239,0,7,12.00,0,3,0,0,0,0,0.00,0,0,12.00
Commanders,WAS,25,,FS,553387661,Quan Martin,2,0,2296,20,15,57.00,0,7,1,1,3,263,0.00,0,0,45.00
Commanders,WAS,25,,CB,553386110,Darrell Baker,3,0,2798,27,8,9.00,0,1,0,0,0,0,0.00,0,0,9.00
Commanders,WAS,25,,REDGE,553386229,Nik Bonitto,3,0,1181,91,12,42.00,0,0,1,0,0,0,10.50,0,0,18.00
Commanders,WAS,25,,SS,553387061,Will Harris,6,0,9492,3,10,20.00,0,2,0,0,2,12,0.00,0,0,14.00
Commanders,WAS,25,,DT,553388055,Da'Ron Payne,7,0,9016,94,11,24.00,0,0,0,1,0,0,5.00,0,0,14.00
Commanders,WAS,25,,LEDGE,553386077,Dorance Armstrong,7,0,8804,92,4,5.00,0,1,0,0,0,0,1.50,0,0,2.00
Commanders,WAS,25,,WILL,553387629,Frankie Luvu,7,0,9340,4,14,41.00,0,2,2,0,1,41,1.00,0,0,30.00
Commanders,WAS,25,,FS,553388180,Jeremy Reaves,7,0,9901,39,5,10.00,2,1,0,1,0,0,0.00,0,0,10.00
Commanders,WAS,25,,DT,553386933,Eddie Goldman,8,0,7136,97,4,6.00,0,0,0,0,0,0,1.00,0,0,4.00
Commanders,WAS,25,,CB,553387535,Marshon Lattimore,8,0,8632,2,16,43.00,1,10,0,0,3,48,0.00,0,0,34.00
Commanders,WAS,25,,FS,553386258,James Bradberry IV,9,0,7905,25,15,46.00,0,9,0,0,2,49,1.00,0,0,38.00
Commanders,WAS,25,,CB,553387400,Jonathan Jones,9,0,8085,31,8,12.00,2,3,0,0,0,0,0.00,0,0,12.00
Commanders,WAS,25,,MIKE,553388758,Bobby Wagner,13,0,6138,54,14,79.00,2,3,4,3,5,68,0.00,0,1,46.00
Commanders,WAS,25,,SAM,553386179,Nick Bellore,14,0,4947,57,7,11.00,0,1,0,0,0,0,0.00,0,0,11.00
Commanders,WAS,25,,REDGE,553387802,Von Miller,14,0,4432,24,10,16.00,0,1,0,0,0,0,2.50,0,0,11.00
Cowboys,DAL,10,,LEDGE,553386765,Donovan Ezeiruaku,0,0,10547,41,15,35.00,0,1,0,0,1,0,6.50,0,0,19.00
Cowboys,DAL,10,,WILL,553388977,Isaiah Stalbird,0,0,0,53,1,1.00,0,0,0,0,0,0,0.00,0,0,1.00
Cowboys,DAL,10,,CB,553388199,Shavon Revel Jr.,0,0,10705,34,16,59.00,2,5,0,0,5,332,0.50,0,0,43.00
Cowboys,DAL,10,,WILL,553387293,Shemar James,0,0,10610,50,1,1.00,0,0,0,0,0,0,0.00,0,0,1.00
Cowboys,DAL,10,,CB,553386409,Caelen Carson,1,0,10029,21,6,9.00,0,0,0,0,0,0,0.00,0,0,9.00
Cowboys,DAL,10,,WILL,553388884,James Williams Sr,1,0,10299,42,10,50.00,1,2,0,0,7,117,0.00,0,1,23.00
Cowboys,DAL,10,,SAM,553387589,Marist Liufau,1,0,10160,35,4,6.00,0,0,0,0,0,0,0.50,0,0,5.00
Cowboys,DAL,10,,REDGE,553387487,Marshawn Kneeland,1,0,10144,94,4,8.00,0,1,0,1,0,0,0.00,0,1,2.00
Cowboys,DAL,10,,DT,553388447,Mazi Smith,2,0,2399,58,1,3.00,0,0,0,0,0,0,1.00,0,0,1.00
Cowboys,DAL,10,,SAM,553386456,Damone Clark,3,4,1272,18,12,43.00,1,2,0,0,4,73,0.00,0,0,31.00
Cowboys,DAL,10,,CB,553386212,DaRon Bland,3,0,2689,26,16,40.00,1,12,0,0,2,25,0.00,0,0,34.00
Cowboys,DAL,10,,MIKE,553388316,Jack Sanborn,3,0,1936,57,3,3.00,0,0,0,0,0,0,0.00,0,0,3.00
Cowboys,DAL,10,,CB,553386726,Kaiir Elam,3,0,1561,20,5,15.00,0,0,0,0,1,18,0.00,0,0,12.00
Cowboys,DAL,10,,FS,553386173,Markquese Bell,3,0,1170,14,5,8.00,1,0,0,0,1,0,0.00,0,0,5.00
Cowboys,DAL,10,,LEDGE,553388904,Sam Williams,3,0,2037,54,9,27.00,0,1,1,0,0,0,4.00,0,0,16.00
Cowboys,DAL,10,,DT,553387959,Osa Odighizuwa,4,0,894,97,11,18.00,0,0,0,0,0,0,2.50,0,0,13.00
Cowboys,DAL,10,,DT,553388710,Payton Turner,4,0,1631,98,1,1.00,0,0,0,0,0,0,0.00,0,0,1.00
Cowboys,DAL,10,,MIKE,553387892,Kenneth Murray Jr,5,0,477,59,16,55.00,3,7,1,2,6,24,1.00,0,0,32.00
Cowboys,DAL,10,,CB,553386643,Trevon Diggs,5,0,250,7,14,37.00,2,9,0,0,3,6,1.00,0,0,26.00
Cowboys,DAL,10,,SS,553388918,Donovan Wilson,6,0,9684,6,16,69.00,2,6,0,0,5,135,1.00,0,2,40.00
Cowboys,DAL,10,,CB,553387471,Desmond King II,8,0,8620,32,5,6.00,1,0,0,0,0,0,0.00,0,0,6.00
Cowboys,DAL,10,,FS,553387182,Malik Hooker,8,0,8592,28,14,63.00,1,5,0,0,5,85,1.00,0,1,40.00
Cowboys,DAL,10,,DT,553386459,Kenny Clark,9,0,7947,95,7,12.00,0,1,0,0,0,0,1.00,0,0,10.00
Cowboys,DAL,10,,REDGE,553386840,Dante Fowler Jr,10,0,7120,13,4,9.00,0,0,0,0,0,0,1.00,0,0,7.00
Cowboys,DAL,10,,LEDGE,553388448,Preston Smith,10,0,7332,91,2,2.00,0,0,0,0,0,0,0.00,0,0,2.00
Dolphins,MIA,11,,FS,553388674,Dante Trader Jr.,0,0,10756,11,3,3.00,0,0,0,0,0,0,0.00,0,0,3.00
Dolphins,MIA,11,,CB,553387656,Jason Marshall Jr.,0,0,10645,33,3,3.00,0,0,0,0,0,0,0.00,0,0,3.00
Dolphins,MIA,11,,DT,553388093,Jordan Phillips,0,0,10692,94,2,2.00,0,1,0,0,0,0,0.00,0,0,2.00
Dolphins,MIA,11,,DT,553386959,Kenneth Grant,0,0,10566,90,12,20.00,0,2,1,0,0,0,3.50,0,0,10.00
Dolphins,MIA,11,,LEDGE,553388245,Chop Robinson,1,0,10229,44,7,11.00,0,1,0,0,0,0,0.50,0,0,10.00
Dolphins,MIA,11,,MIKE,553386622,Kalen DeLoach,1,0,10054,56,1,2.00,1,0,0,0,0,0,0.00,0,0,2.00
Dolphins,MIA,11,,CB,553386274,JuJu Brents,2,0,1759,32,5,6.00,0,0,0,0,0,0,0.00,0,0,6.00
Dolphins,MIA,11,,CB,553387395,Jack Jones,3,0,1788,23,12,24.00,3,2,0,1,1,6,0.00,0,1,15.00
Dolphins,MIA,11,,CB,553387494,Kader Kohou,3,0,4611,4,16,31.00,5,6,0,0,1,33,0.00,0,0,28.00
Dolphins,MIA,11,,SS,553387776,Ifeatu Melifonwu,4,0,1299,9,13,46.00,2,6,1,0,2,288,1.00,0,0,35.00
Dolphins,MIA,11,,LEDGE,553388092,Jaelan Phillips,4,0,1028,15,13,40.00,0,3,0,0,1,3,9.50,0,0,18.00
Dolphins,MIA,11,,WILL,553386287,K.J. Britt,4,0,982,3,5,7.00,1,0,0,0,0,0,0.50,0,0,6.00
Dolphins,MIA,11,,SS,553386577,Ashtyn Davis,5,0,235,21,14,60.00,2,4,0,0,4,36,0.50,0,0,47.00
Dolphins,MIA,11,,MIKE,553386294,Jordyn Brooks,5,0,180,20,16,57.00,11,15,0,0,1,23,0.00,0,0,54.00
Dolphins,MIA,11,,SAM,553386896,Willie Gay Jr,5,0,295,40,8,25.00,6,0,0,0,0,0,0.00,0,0,25.00
Dolphins,MIA,11,,WILL,553386654,Tyrel Dodson,6,0,9441,25,14,68.00,3,8,0,0,9,127,1.50,0,1,32.00
Dolphins,MIA,11,,REDGE,553386450,Bradley Chubb,7,0,8845,2,3,7.00,0,0,0,0,0,0,1.50,0,0,4.00
Dolphins,MIA,11,,FS,553386809,Minkah Fitzpatrick,7,0,8887,29,16,73.00,4,7,1,0,7,118,0.00,0,1,43.00
Dolphins,MIA,11,,DT,553388387,Zach Sieler,7,0,9351,92,12,25.00,0,0,1,0,0,0,3.50,0,0,15.00
Dolphins,MIA,11,,CB,553386665,Rasul Douglas,8,0,8535,26,16,44.00,3,11,0,0,4,56,0.00,0,0,32.00
Dolphins,MIA,11,,REDGE,553387430,Matthew Judon,9,0,8088,8,11,31.00,1,0,1,1,0,0,4.00,0,0,20.00
Eagles,PHI,12,,SS,553387874,Andrew Mukuba,0,0,10672,24,11,35.00,10,7,0,0,0,0,1.00,0,0,33.00
Eagles,PHI,12,,WILL,553386397,Jihaad Campbell,0,0,10514,30,14,70.00,27,5,1,0,1,16,2.00,0,0,60.00
Eagles,PHI,12,,WILL,553387831,Smael Mondon Jr.,0,0,10667,42,14,34.00,8,1,1,0,0,0,1.00,0,0,29.00
Eagles,PHI,12,,DT,553388260,Ty Robinson,0,0,10711,95,13,24.00,0,0,0,0,0,0,1.50,0,0,21.00
Eagles,PHI,12,,CB,553386617,Cooper DeJean,1,0,10053,33,5,11.00,5,2,0,0,1,18,0.00,0,0,8.00
Eagles,PHI,12,,REDGE,553387220,Jalyx Hunt,1,0,10112,58,13,45.00,1,1,0,0,0,0,8.00,1,0,27.00
Eagles,PHI,12,,CB,553387824,Quinyon Mitchell,1,3,10184,27,10,39.00,13,9,0,0,2,48,0.00,0,1,27.00
Eagles,PHI,12,,DT,553389005,Byron Young,2,0,2490,94,1,1.00,0,0,0,0,0,0,0.50,0,0,0.00
Eagles,PHI,12,,CB,553386184,Jakorian Bennett,2,0,1421,23,12,37.00,18,8,0,0,1,15,0.00,0,0,34.00
Eagles,PHI,12,,DT,553386416,Jalen Carter,2,0,2563,98,13,39.00,1,0,0,0,0,0,5.50,0,0,28.00
Eagles,PHI,12,,CB,553388228,Kelee Ringo,2,0,2369,7,15,68.00,28,8,2,3,1,103,0.00,0,1,53.00
Eagles,PHI,12,,LEDGE,553388425,Nolan Smith Jr,2,0,2402,3,14,41.00,1,1,0,0,0,0,7.00,0,0,27.00
Eagles,PHI,12,,SS,553386324,Sydney Brown,2,0,1901,21,13,43.00,14,3,0,0,1,39,0.00,0,1,34.00
Eagles,PHI,12,,DT,553386588,Jordan Davis,3,4,1333,90,7,16.00,0,0,0,0,0,0,2.50,0,0,11.00
Eagles,PHI,12,,MIKE,553386609,Nakobe Dean,3,0,1347,17,14,70.00,16,8,0,0,3,51,2.50,0,1,50.00
Eagles,PHI,12,,FS,553386213,Reed Blankenship,3,0,2850,32,14,48.00,17,5,1,2,0,0,0.50,0,0,44.00
Eagles,PHI,12,,LEDGE,553387976,Azeez Ojulari,4,0,1032,13,1,2.00,0,0,0,0,0,0,0.00,0,0,2.00
Eagles,PHI,12,,REDGE,553388716,Joshua Uche,5,0,634,0,2,3.00,0,0,0,0,0,0,0.50,0,0,2.00
Eagles,PHI,12,,SAM,553386158,Zack Baun,5,0,87,53,12,27.00,7,1,0,0,0,0,2.50,0,0,22.00
Eagles,PHI,12,,REDGE,553387982,Ogbo Okoronkwo,7,0,9012,45,2,5.00,0,0,0,0,0,0,1.00,0,0,3.00
Eagles,PHI,12,,CB,553387253,Adoree' Jackson,8,0,8599,8,7,6.00,2,0,0,1,0,0,0.00,0,0,6.00
Falcons,ATL,13,,SS,553386248,Billy Bowman Jr.,0,0,10496,33,4,9.00,3,0,0,0,0,0,0.00,0,0,9.00
Falcons,ATL,13,,LEDGE,553388768,Jalon Walker,0,0,10766,11,15,49.00,0,3,1,1,2,17,8.50,0,0,23.00
Falcons,ATL,13,,REDGE,553388057,James Pearce Jr.,0,0,10689,27,12,50.00,0,6,1,0,0,0,12.00,1,0,21.00
Falcons,ATL,13,,SS,553388824,Xavier Watts,0,0,10771,31,15,50.00,1,13,1,0,8,73,0.00,0,0,23.00
Falcons,ATL,13,,REDGE,553388684,Bralen Trice,1,0,10270,48,1,1.00,0,0,0,0,0,0,0.00,0,0,1.00
Falcons,ATL,13,,DT,553386655,Brandon Dorlus,1,0,10058,54,3,10.00,0,0,0,0,0,0,2.50,0,0,5.00
Falcons,ATL,13,,MIKE,553386194,JD Bertrand,1,0,10012,40,7,16.00,3,0,0,0,0,0,1.00,0,0,14.00
Falcons,ATL,13,,DT,553388008,Ruke Orhorhoro,1,0,10202,98,7,12.00,0,0,0,0,0,0,2.00,0,0,8.00
Falcons,ATL,13,,CB,553388087,Clark Phillips III,2,0,2354,22,14,48.00,2,12,0,1,4,288,0.50,0,1,29.00
Falcons,ATL,13,,FS,553387103,DeMarcco Hellams,2,0,2185,23,6,14.00,3,0,0,0,0,0,0.00,0,0,14.00
Falcons,ATL,13,,SAM,553386951,Jalen Graham,2,0,2174,41,1,1.00,0,0,0,0,0,0,0.00,0,0,1.00
Falcons,ATL,13,,DT,553387066,Zach Harrison,2,0,2182,96,1,2.00,0,0,0,0,0,0,0.00,0,0,2.00
Falcons,ATL,13,,LEDGE,553386700,Arnold Ebiketie,3,0,1558,17,2,5.00,0,0,0,0,0,0,1.00,0,0,3.00
Falcons,ATL,13,,MIKE,553387647,DeAngelo Malone,3,0,1824,51,3,3.00,0,0,0,0,0,0,0.00,0,0,3.00
Falcons,ATL,13,,WILL,553386048,Troy Andersen,3,0,1133,44,11,39.00,1,6,0,1,2,30,3.00,0,0,27.00
Falcons,ATL,13,,CB,553386022,Dee Alford,4,3,6051,20,1,2.00,1,0,0,0,0,0,0.00,0,0,2.00
Falcons,ATL,13,,WILL,553386606,Divine Deablo,4,0,1329,0,12,36.00,5,5,0,1,2,19,0.50,0,0,29.00
Falcons,ATL,13,,CB,553388601,A.J. Terrell Jr,5,0,610,24,13,32.00,1,3,0,0,2,329,0.00,0,1,20.00
Falcons,ATL,13,,SS,553386865,Jordan Fuller,5,0,285,29,4,5.00,1,2,0,0,0,0,0.00,0,0,5.00
Falcons,ATL,13,,MIKE,553386735,Kaden Elliss,6,0,119,55,16,56.00,8,7,0,0,2,13,1.50,0,0,47.00
Falcons,ATL,13,,FS,553386152,Jessie Bates III,7,0,8815,3,15,60.00,3,9,3,0,4,49,1.00,0,0,37.00
Falcons,ATL,13,,DT,553387228,Maurice Hurst,7,3,8931,99,6,14.00,0,0,0,0,0,0,2.50,0,0,9.00
Falcons,ATL,13,,CB,553386825,Mike Ford Jr,7,0,9774,28,5,8.00,4,1,0,0,0,0,0.00,0,0,8.00
Falcons,ATL,13,,CB,553387212,Mike Hughes,7,0,8929,21,9,16.00,2,0,0,0,2,27,0.00,0,0,10.00
Falcons,ATL,13,,DT,553388006,David Onyemata,9,0,8169,90,9,22.00,0,0,1,0,0,0,3.00,0,0,13.00
Falcons,ATL,13,,REDGE,553386818,Leonard Floyd,9,0,8005,56,1,1.00,0,0,0,0,0,0,0.00,0,0,1.00
Giants,NYG,15,,LEDGE,553386412,Abdul Carter,0,0,10516,51,11,41.00,0,1,0,0,0,0,8.00,0,0,25.00
Giants,NYG,15,,DT,553386018,Darius Alexander,0,0,10474,91,7,10.00,0,0,0,0,0,0,1.50,0,0,7.00
Giants,NYG,15,,CB,553386203,Korie Black,0,0,10875,25,2,2.00,0,0,0,0,0,0,0.00,0,0,2.00
Giants,NYG,15,,SAM,553387871,Darius Muasau,1,0,10187,53,4,4.00,0,0,0,0,0,0,0.00,0,0,4.00
Giants,NYG,15,,WILL,553387022,Dominique Hampton,1,0,10096,45,8,20.00,2,1,0,0,2,8,0.00,0,0,14.00
Giants,NYG,15,,CB,553388089,Dru Phillips,1,0,10208,22,13,40.00,4,5,0,0,3,29,0.50,0,0,30.00
Giants,NYG,15,,SS,553387950,Tyler Nubin,1,0,10197,27,14,50.00,4,6,0,1,2,73,0.00,0,1,38.00
Giants,NYG,15,,CB,553386119,Deonte Banks,2,0,1120,2,9,21.00,1,4,0,0,3,253,0.00,0,0,12.00
Giants,NYG,15,,DT,553387236,Siaki Ika,2,0,2599,62,1,1.00,0,0,0,0,0,0,0.00,0,0,1.00
Giants,NYG,15,,MIKE,553388430,Brandon Smith,3,0,1944,47,1,1.00,0,0,0,0,0,0,0.00,0,0,1.00
Giants,NYG,15,,CB,553386813,Cor'Dale Flott,3,0,1580,28,4,8.00,0,0,0,0,0,0,0.00,0,0,8.00
Giants,NYG,15,,FS,553386181,Dane Belton,3,0,1172,24,3,4.00,0,1,0,0,0,0,0.00,0,0,4.00
Giants,NYG,15,,WILL,553387726,Micah McFadden,3,0,1846,41,11,28.00,0,2,0,0,2,20,0.00,0,1,16.00
Giants,NYG,15,,LEDGE,553386934,Chauncey Golston,4,0,1073,57,2,3.00,0,0,0,0,0,0,0.00,0,0,3.00
Giants,NYG,15,,FS,553387172,Jevon Holland,4,0,1161,8,14,49.00,2,7,0,0,4,100,0.00,0,1,31.00
Giants,NYG,15,,CB,553386002,Paulson Adebo,4,0,1098,21,12,32.00,3,9,0,0,3,28,0.00,0,0,23.00
Giants,NYG,15,,MIKE,553387979,Bobby Okereke,6,0,9588,58,15,40.00,1,11,0,0,2,3,0.00,0,0,34.00
Giants,NYG,15,,REDGE,553386363,Brian Burns,6,0,9406,0,9,22.00,0,0,0,0,0,0,5.00,0,0,12.00
Giants,NYG,15,,DT,553387541,Dexter Lawrence II,6,0,9548,97,8,24.00,0,1,2,0,0,0,2.00,0,0,14.00
Giants,NYG,15,,SAM,553386218,Chris Board,7,0,9709,49,1,2.00,0,0,0,0,0,0,0.00,0,0,2.00
Giants,NYG,15,,SS,553387473,Kevin King,7,0,8621,7,11,23.00,3,2,0,0,0,0,0.00,0,0,23.00
Giants,NYG,15,,DT,553388239,Roy Robertson-Harris,9,5,8196,95,5,5.00,0,0,0,0,0,0,1.00,0,0,3.00
Giants,NYG,15,,WILL,553386581,Demario Davis,13,0,5132,56,9,32.00,0,6,0,0,2,19,1.00,0,1,18.00
Jaguars,JAX,16,,FS,553388166,Caleb Ransaw,0,0,10699,27,15,51.00,0,5,0,0,3,47,0.00,0,0,42.00
Jaguars,JAX,16,,DT,553389124,Desmond Watson,0,0,4135,99,7,8.00,0,0,0,0,0,0,0.50,0,0,7.00
Jaguars,JAX,16,,WILL,553387483,Jack Kiser,0,0,10626,54,9,48.00,0,4,0,0,8,364,0.00,0,1,18.00
Jaguars,JAX,16,,MIKE,553387753,Jalen McLeod,0,0,10656,35,3,4.00,0,1,0,0,0,0,0.00,0,0,4.00
Jaguars,JAX,16,,CB,553387225,Travis Hunter,0,0,10599,12,15,46.00,0,7,0,0,3,122,0.00,0,1,31.00
Jaguars,JAX,16,,CB,553387397,Jarrian Jones,1,0,10133,22,8,18.00,0,1,0,0,2,16,0.00,0,0,12.00
Jaguars,JAX,16,,DT,553388446,Maason Smith,1,0,10250,94,1,1.00,0,0,0,0,0,0,0.00,0,0,1.00
Jaguars,JAX,16,,SS,553387330,Antonio Johnson,2,0,2232,26,4,6.00,0,0,0,0,0,0,0.00,0,0,6.00
Jaguars,JAX,16,,MIKE,553385986,Yasir Abdullah,2,0,8369,50,4,9.00,0,2,0,0,0,0,0.00,0,0,9.00
Jaguars,JAX,16,,SAM,553387590,Devin Lloyd,3,0,1812,0,14,53.00,0,4,0,1,3,61,1.00,0,1,36.00
Jaguars,JAX,16,,LEDGE,553388773,Travon Walker,3,0,2008,44,12,25.00,0,2,0,0,1,12,3.50,0,0,15.00
Jaguars,JAX,16,,CB,553386400,Tyson Campbell,4,35,1355,3,10,20.00,0,2,0,0,1,20,0.00,0,0,17.00
Jaguars,JAX,16,,DT,553387014,DaVon Hamilton,5,0,317,52,3,3.00,0,0,0,0,0,0,0.00,0,0,3.00
Jaguars,JAX,16,,SS,553388393,Isaiah Simmons,5,0,569,28,14,62.00,0,7,0,0,4,148,0.00,0,1,44.00
Jaguars,JAX,16,,FS,553388938,Andrew Wingard,6,0,9686,42,2,2.00,0,0,0,0,0,0,0.00,0,0,2.00
Jaguars,JAX,16,,SS,553388331,Darnell Savage,6,0,9621,6,8,13.00,0,3,0,0,1,28,0.00,0,0,10.00
Jaguars,JAX,16,,REDGE,553386034,Josh Hines-Allen,6,0,9365,41,9,29.00,0,1,0,0,1,2,5.50,0,0,15.00
Jaguars,JAX,16,,SAM,553386883,Dennis Gardeck,7,0,9780,47,3,3.00,0,0,0,0,0,0,0.00,0,0,3.00
Jaguars,JAX,16,,WILL,553387999,Foyesade Oluokun,7,0,9347,23,13,48.00,0,8,3,1,0,0,2.00,0,0,35.00
Jaguars,JAX,16,,CB,553387573,Jourdan Lewis,8,0,8641,2,6,19.00,0,1,0,0,2,222,0.00,0,1,7.00
Jaguars,JAX,16,,REDGE,553387965,Emmanuel Ogbah,9,0,8168,90,1,1.00,0,1,0,0,0,0,0.00,0,0,1.00
Jaguars,JAX,16,,DT,553386075,Arik Armstead,10,0,7003,91,8,18.00,0,2,0,0,0,0,3.50,0,0,11.00
Jets,NYJ,17,,CB,553388611,Azareye'h Thomas,0,0,10753,23,13,30.00,1,1,0,1,1,6,0.00,0,0,27.00
Jets,NYJ,17,,MIKE,553387684,Francisco Mauigoa,0,0,10651,51,7,12.00,4,0,0,0,0,0,0.00,0,0,12.00
Jets,NYJ,17,,SS,553387847,Malachi Moore,0,0,10669,27,3,3.00,1,0,0,0,0,0,0.00,0,0,3.00
Jets,NYJ,17,,LEDGE,553386134,Tyler Baron,0,0,10484,94,10,27.00,0,0,1,0,0,0,5.00,0,0,14.00
Jets,NYJ,17,,DT,553386281,Jowon Briggs,1,0,10368,91,2,2.00,0,0,0,0,0,0,0.00,0,0,2.00
Jets,NYJ,17,,MIKE,553387383,Cam Jones,2,0,2244,43,5,7.00,1,0,0,0,0,0,0.00,0,0,7.00
Jets,NYJ,17,,WILL,553387716,Marcelino McCrary-Ball,2,0,10937,41,10,18.00,2,1,0,0,0,0,1.00,0,0,16.00
Jets,NYJ,17,,CB,553388510,Qwan'tez Stiggers,2,0,10468,37,2,2.00,0,0,0,0,0,0,0.00,0,0,2.00
Jets,NYJ,17,,LEDGE,553387721,Will McDonald IV,2,0,2303,9,12,33.00,0,0,1,0,0,0,6.00,0,0,18.00
Jets,NYJ,17,,REDGE,553387324,Jermaine Johnson II,3,0,1782,11,8,16.00,0,0,0,0,0,0,2.00,0,0,12.00
Jets,NYJ,17,,REDGE,553386463,Micheal Clemons,3,0,1278,72,3,4.00,0,0,0,0,0,0,0.00,0,0,4.00
Jets,NYJ,17,,CB,553386884,Sauce Gardner,3,0,1712,1,15,35.00,4,7,0,0,0,0,0.00,0,0,35.00
Jets,NYJ,17,,SS,553385998,Tony Adams,3,0,2723,22,14,45.00,0,8,1,0,2,49,0.00,0,0,36.00
Jets,NYJ,17,,FS,553386453,Andre Cisco,4,0,1147,8,16,56.00,3,7,0,0,4,124,0.00,0,1,38.00
Jets,NYJ,17,,CB,553388500,Brandon Stephens,4,0,1157,21,16,40.00,5,7,0,0,2,1,0.00,0,0,34.00
Jets,NYJ,17,,MIKE,553388381,Jamien Sherwood,4,0,1587,44,14,47.00,7,6,1,0,4,33,1.00,0,0,30.00
Jets,NYJ,17,,CB,553386411,Michael Carter II,4,0,1348,30,11,28.00,3,6,0,0,1,255,1.50,0,0,22.00
Jets,NYJ,17,,SAM,553388900,Quincy Williams,6,0,172,56,16,58.00,2,6,0,0,4,35,1.00,0,0,44.00
Jets,NYJ,17,,REDGE,553388901,Quinnen Williams,6,0,9679,95,7,21.00,0,0,1,0,0,0,3.00,0,0,12.00
Jets,NYJ,17,,DT,553388090,Harrison Phillips,7,0,9022,97,5,13.00,0,0,0,0,0,0,1.50,0,0,10.00
Jets,NYJ,17,,FS,553387994,Isaiah Oliver,7,0,9013,26,7,12.00,0,1,0,0,1,9,0.00,0,0,9.00
Lions,DET,18,,DT,553388909,Tyleik Williams,0,0,10785,91,3,5.00,0,0,0,0,0,0,1.00,0,0,3.00
Lions,DET,18,,CB,553388160,Ennis Rakestraw Jr,1,0,10218,9,1,1.00,0,0,0,0,0,0,0.00,0,0,1.00
Lions,DET,18,,WILL,553386822,Jaylan Ford,1,0,10075,53,4,9.00,0,0,2,0,0,0,0.00,0,0,3.00
Lions,DET,18,,CB,553386079,Terrion Arnold,1,0,10001,6,15,37.00,2,5,0,0,0,0,1.00,0,0,35.00
Lions,DET,18,,SS,553386266,Brian Branch,2,0,1719,32,15,63.00,4,21,1,0,5,68,1.00,0,0,43.00
Lions,DET,18,,MIKE,553386396,Jack Campbell,2,0,1907,46,16,53.00,3,8,0,0,3,18,0.50,0,0,43.00
Lions,DET,18,,LEDGE,553387230,Aidan Hutchinson,3,0,1771,97,11,50.00,0,1,1,0,2,7,10.50,0,0,20.00
Lions,DET,18,,FS,553387426,Kerby Joseph,3,0,1792,31,16,71.00,2,9,0,0,5,378,0.00,0,2,44.00
Lions,DET,18,,WILL,553388269,Malcolm Rodriguez,3,0,1925,44,9,19.00,1,2,0,0,1,2,2.00,0,0,12.00
Lions,DET,18,,DT,553387764,Alim McNeill,4,0,943,54,8,13.00,0,2,0,0,0,0,1.50,0,0,10.00
Lions,DET,18,,SAM,553386128,Derrick Barnes,4,0,1065,55,5,10.00,0,0,0,0,0,0,2.00,0,0,6.00
Lions,DET,18,,DT,553388005,Levi Onwuzurike,4,0,850,78,1,1.00,0,0,0,0,0,0,0.00,0,0,1.00
Lions,DET,18,,CB,553388238,Amik Robertson,5,0,551,21,12,30.00,0,4,0,0,3,46,0.00,0,0,21.00
Lions,DET,18,,MIKE,553387826,Alexander Johnson,7,0,396,42,5,7.00,2,1,0,0,0,0,0.00,0,0,7.00
Lions,DET,18,,CB,553387636,Avonte Maddox,7,0,8977,29,7,6.00,0,1,0,0,0,0,0.00,0,0,6.00
Lions,DET,18,,CB,553388185,D.J. Reed Jr,7,0,9034,4,15,51.00,3,8,0,0,5,295,0.00,0,0,36.00
Lions,DET,18,,REDGE,553386571,Marcus Davenport,7,0,8862,92,11,31.00,0,0,0,0,1,49,4.50,0,1,13.00
Lions,DET,18,,WILL,553386070,Alex Anzalone,8,0,8469,34,14,55.00,2,2,0,0,1,37,4.00,0,1,38.00
Lions,DET,18,,REDGE,553387872,Al-Quadin Muhammad,8,0,8670,96,1,0.00,0,1,0,0,0,0,0.00,0,0,0.00
Lions,DET,18,,SS,553387265,Eddie Jackson,8,0,8600,25,10,13.00,0,2,0,0,1,16,0.00,0,0,10.00
Lions,DET,18,,MIKE,553386549,Zach Cunningham,8,0,8519,52,3,3.00,0,0,0,0,0,0,0.00,0,0,3.00
Lions,DET,18,,DT,553388178,D.J. Reader,9,0,8187,98,9,12.00,0,1,0,0,0,0,1.00,0,0,10.00
Lions,DET,18,,FS,553386177,Vonn Bell,9,0,7891,24,5,13.00,0,0,0,0,2,276,0.00,0,0,7.00
Packers,GB,19,,REDGE,553388473,Barryn Sorrell,0,0,10738,99,1,1.00,0,0,0,0,0,0,0.00,0,0,1.00
Packers,GB,19,,DT,553388151,Nazir Stackhouse,0,0,10739,93,1,1.00,0,0,0,0,0,0,0.00,0,0,1.00
Packers,GB,19,,MIKE,553386512,Edgerrin Cooper,1,0,10041,56,16,56.00,8,6,0,1,5,40,0.00,0,0,41.00
Packers,GB,19,,FS,553388879,Evan Williams,1,0,10297,33,13,50.00,6,3,0,0,4,290,1.00,0,1,30.00
Packers,GB,19,,SS,553386348,Javon Bullard,1,0,10024,20,14,27.00,2,1,0,1,1,1,0.00,0,0,24.00
Packers,GB,19,,CB,553386994,Kamal Hadden,1,0,10093,36,2,5.00,2,1,0,0,0,0,0.00,0,0,5.00
Packers,GB,19,,SS,553387987,Kitan Oladapo,1,0,10201,27,8,9.00,2,0,0,0,0,0,0.00,0,0,9.00
Packers,GB,19,,WILL,553387187,Ty'Ron Hopper,1,0,10110,59,6,14.00,0,0,1,0,0,0,0.00,0,0,11.00
Packers,GB,19,,CB,553388728,Carrington Valentine,2,0,2440,24,7,11.00,3,1,0,0,0,0,0.00,0,0,11.00
Packers,GB,19,,DT,553388961,Colby Wooden,2,0,2486,96,5,11.00,0,0,1,0,0,0,1.00,0,0,6.00
Packers,GB,19,,DT,553386295,Karl Brooks,2,0,2912,94,5,12.00,0,0,0,0,0,0,3.00,0,0,6.00
Packers,GB,19,,LEDGE,553388732,Lukas Van Ness,2,0,2442,90,9,18.00,0,0,0,0,0,0,2.50,0,0,13.00
Packers,GB,19,,CB,553387778,Bo Melton,3,0,1850,16,5,5.00,0,0,0,0,0,0,0.00,0,0,5.00
Packers,GB,19,,DT,553388992,Devonte Wyatt,3,1,2059,95,6,12.00,0,1,0,0,0,0,1.00,0,0,10.00
Packers,GB,19,,WILL,553388771,Quay Walker,3,0,2006,7,11,24.00,5,7,0,0,0,0,1.00,0,0,22.00
Packers,GB,19,,SAM,553387723,Isaiah McDuffie,4,0,1046,58,11,17.00,0,2,0,0,1,20,0.50,0,0,13.00
Packers,GB,19,,REDGE,553388041,Micah Parsons,4,0,1058,1,11,23.00,0,0,0,0,1,4,3.50,0,0,13.00
Packers,GB,19,,CB,553387161,Nate Hobbs,4,0,1184,21,16,39.00,12,5,0,0,3,25,0.00,0,0,30.00
Packers,GB,19,,MIKE,553387933,Nick Niemann,4,0,1054,31,8,9.00,3,1,0,0,0,0,0.00,0,0,9.00
Packers,GB,19,,FS,553386059,Zayne Anderson,4,0,2070,39,6,9.00,1,0,0,0,0,0,0.00,0,0,9.00
Packers,GB,19,,SS,553387743,Xavier McKinney,5,0,452,29,16,40.00,6,10,0,0,1,6,2.00,0,0,33.00
Packers,GB,19,,CB,553387938,Keisean Nixon,6,0,486,25,13,27.00,7,5,1,0,2,31,0.00,0,0,18.00
Packers,GB,19,,LEDGE,553386892,Rashan Gary,6,0,9467,52,11,32.00,0,1,0,0,0,0,6.00,0,0,20.00
Packers,GB,19,,DT,553387420,Cameron Jordan,14,0,4404,98,11,24.00,0,0,0,0,0,0,3.50,0,0,17.00
Panthers,CAR,20,,MIKE,553386786,Bam Martin-Scott,0,0,10648,57,6,8.00,0,0,0,0,0,0,0.00,0,0,8.00
Panthers,CAR,20,,SAM,553389047,Jamon Dumas-Johnson,0,0,10539,58,5,5.00,0,0,0,0,0,0,0.00,0,0,5.00
Panthers,CAR,20,,FS,553388167,Lathan Ransom,0,0,10700,22,4,4.00,0,0,0,0,0,0,0.00,0,0,4.00
Panthers,CAR,20,,REDGE,553388353,Nic Scourton,0,0,10725,11,10,31.00,0,3,1,0,1,26,5.50,0,0,14.00
Panthers,CAR,20,,LEDGE,553388722,Princely Umanmielen,0,0,10698,3,11,25.00,0,1,0,0,0,0,4.50,0,0,16.00
Panthers,CAR,20,,CB,553388465,Chau Smith-Wade,1,0,10252,26,6,10.00,0,0,0,0,1,4,0.00,0,0,7.00
Panthers,CAR,20,,MIKE,553388778,Trevin Wallace,1,0,10284,32,15,67.00,0,4,1,1,5,87,1.00,0,2,35.00
Panthers,CAR,20,,MIKE,553386442,Claudin Cherelus,2,0,10372,53,6,11.00,0,0,0,0,0,0,0.00,0,0,11.00
Panthers,CAR,20,,CB,553386752,Akayleb Evans,3,0,1568,29,7,21.00,0,0,1,0,1,5,3.00,0,0,9.00
Panthers,CAR,20,,CB,553387672,Damarri Mathis,3,0,1825,28,7,10.00,0,0,1,0,0,0,0.00,0,0,7.00
Panthers,CAR,20,,DT,553386302,Bobby Brown III,4,0,1592,97,4,9.00,0,0,0,0,0,0,2.00,0,0,5.00
Panthers,CAR,20,,CB,553387189,Jaycee Horn,4,0,1352,8,14,36.00,0,10,0,0,4,92,0.00,0,0,24.00
Panthers,CAR,20,,FS,553387828,Tre'von Moehrig,4,0,1212,7,14,56.00,0,8,0,0,8,158,0.00,0,1,26.00
Panthers,CAR,20,,WILL,553388290,Christian Rozeboom,5,0,1040,56,10,21.00,0,4,0,0,1,1,1.00,0,0,16.00
Panthers,CAR,20,,DT,553386313,Derrick Brown,5,0,189,95,6,7.00,0,0,0,0,0,0,0.50,0,0,6.00
Panthers,CAR,20,,REDGE,553388957,D.J. Wonnum,5,0,684,98,3,3.00,0,0,0,0,0,0,0.50,0,0,2.00
Panthers,CAR,20,,DT,553388842,Tershawn Wharton,5,0,1088,99,1,1.00,0,0,0,0,0,0,0.00,0,0,1.00
Panthers,CAR,20,,DT,553388868,Christian Wilkins,6,0,9673,90,7,15.00,0,0,0,0,0,0,3.50,0,0,8.00
Panthers,CAR,20,,SS,553386743,Marcus Epps,6,0,120,39,16,42.00,0,13,0,1,3,8,0.00,0,0,33.00
Panthers,CAR,20,,CB,553387278,Mike Jackson,6,0,9518,2,16,39.00,0,14,0,0,2,50,0.00,0,1,27.00
Panthers,CAR,20,,SS,553388350,Nick Scott,6,0,154,21,13,25.00,0,4,0,0,2,31,1.00,0,0,17.00
Panthers,CAR,20,,WILL,553388851,Kyzir White,7,0,9112,42,12,26.00,0,5,1,0,1,5,0.00,0,0,20.00
Panthers,CAR,20,,DT,553388242,A'Shawn Robinson,9,0,8197,94,3,7.00,0,0,0,0,0,0,2.00,0,0,3.00
Patriots,NE,21,,SS,553388970,Craig Woodson,0,0,10790,31,10,25.00,2,3,1,0,4,300,0.00,0,0,10.00
Patriots,NE,21,,WILL,553389022,Eugene Asante,0,0,10480,54,5,15.00,0,0,0,0,1,255,0.00,0,0,12.00
Patriots,NE,21,,DT,553386778,Joshua Farmer,0,0,10895,92,4,13.00,0,0,1,0,0,0,2.00,0,0,6.00
Patriots,NE,21,,CB,553386200,Beanie Bishop Jr,1,0,10874,39,11,23.00,1,2,0,0,2,73,0.00,0,1,11.00
Patriots,NE,21,,CB,553386087,Alex Austin,2,0,965,28,6,6.00,0,0,0,0,0,0,0.00,0,0,6.00
Patriots,NE,21,,CB,553386936,Christian Gonzalez,2,0,2171,0,14,62.00,6,9,0,0,6,132,0.00,0,2,32.00
Patriots,NE,21,,LEDGE,553388850,Keion White,2,0,2474,99,12,30.00,0,1,0,0,1,253,4.50,0,0,18.00
Patriots,NE,21,,WILL,553387652,Marte Mapu,2,0,4670,15,15,54.00,6,2,1,0,2,45,1.50,0,1,36.00
Patriots,NE,21,,REDGE,553387972,David Ojabo,3,0,1867,98,2,2.00,0,0,0,0,0,0,0.00,0,0,2.00
Patriots,NE,21,,MIKE,553386902,Jack Gibbens,3,5,3232,51,8,25.00,2,1,0,0,4,67,0.00,0,0,13.00
Patriots,NE,21,,CB,553387407,Marcus Jones,3,0,1789,25,15,76.00,4,12,1,1,7,152,1.00,0,1,44.00
Patriots,NE,21,,DT,553386126,Christian Barmore,4,0,780,90,10,16.00,0,0,0,0,0,0,2.50,0,0,11.00
Patriots,NE,21,,SAM,553386528,Jabril Cox,4,0,1050,45,4,3.00,1,0,0,0,0,0,0.00,0,0,3.00
Patriots,NE,21,,DT,553388897,Milton Williams,4,0,1588,97,14,33.00,0,0,0,0,0,0,6.50,0,0,20.00
Patriots,NE,21,,REDGE,553387314,Anfernee Jennings,5,0,390,33,2,2.00,1,0,0,0,0,0,0.50,0,0,1.00
Patriots,NE,21,,FS,553387084,Jaylinn Hawkins,5,0,339,21,4,5.00,0,1,0,0,0,0,0.00,0,0,5.00
Patriots,NE,21,,SS,553386681,Kyle Dugger,5,0,263,23,15,69.00,7,5,1,0,3,127,3.00,0,1,45.00
Patriots,NE,21,,MIKE,553388570,Jahlani Tavai,6,0,9649,48,6,16.00,3,2,1,0,0,0,0.00,0,0,13.00
Patriots,NE,21,,CB,553386576,Carlton Davis III,7,0,8864,7,14,67.00,13,9,0,0,8,124,0.00,0,1,37.00
Patriots,NE,21,,REDGE,553387528,Harold Landry III,7,0,8966,2,9,26.00,0,0,0,0,0,0,5.50,0,0,15.00
Patriots,NE,21,,MIKE,553388483,Robert Spillane,7,3,9926,14,14,83.00,9,11,1,1,9,63,1.00,0,0,51.00
Patriots,NE,21,,FS,553388895,Marcus Williams,8,0,8779,26,15,68.00,5,12,1,0,8,387,0.00,0,1,35.00
Raiders,LV,22,,CB,553388121,Darien Porter,0,0,10694,26,14,35.00,4,8,0,0,1,1,0.00,0,0,32.00
Raiders,LV,22,,CB,553388537,Dorian Strong,0,0,10744,43,1,1.00,0,0,0,0,0,0,0.00,0,0,1.00
Raiders,LV,22,,DT,553386204,Yahya Black,0,0,10492,99,9,15.00,0,1,0,0,0,0,2.50,0,0,10.00
Raiders,LV,22,,CB,553388216,Decamerion Richardson,1,0,10227,25,4,14.00,3,0,0,0,1,37,0.00,0,1,5.00
Raiders,LV,22,,DT,553387539,Jonah Laulu,1,0,10410,96,1,2.00,0,0,0,0,0,0,0.00,0,0,2.00
Raiders,LV,22,,SS,553388422,Christopher Smith II,2,0,2397,29,6,11.00,0,1,0,0,1,19,0.00,0,0,8.00
Raiders,LV,22,,REDGE,553388931,Tyree Wilson,2,0,2482,9,4,17.00,0,0,2,0,0,0,1.00,0,0,9.00
Raiders,LV,22,,MIKE,553388647,Channing Tindall,3,0,1986,41,9,15.00,0,3,0,0,1,9,0.00,0,0,12.00
Raiders,LV,22,,FS,553388116,Isaiah Pola-Mao,3,0,4878,20,4,5.00,1,1,0,0,1,18,0.00,0,0,2.00
Raiders,LV,22,,CB,553388518,Eric Stokes,4,0,1224,22,13,37.00,5,6,0,0,2,11,0.50,0,0,30.00
Raiders,LV,22,,CB,553387177,Darnay Holmes,5,0,365,30,10,37.00,6,4,0,0,3,62,1.00,0,1,20.00
Raiders,LV,22,,SS,553386444,Jeremy Chinn,5,0,211,11,15,62.00,5,6,0,0,4,64,0.00,0,1,44.00
Raiders,LV,22,,DT,553386838,Leki Fotu,5,0,281,95,1,3.00,0,0,0,0,0,0,1.00,0,0,1.00
Raiders,LV,22,,SAM,553388848,Devin White,6,0,9672,45,15,40.00,1,4,0,1,0,0,1.00,0,0,38.00
Raiders,LV,22,,WILL,553388130,Germaine Pratt,6,0,9603,57,10,22.00,1,2,0,0,1,20,2.00,0,0,15.00
Raiders,LV,22,,FS,553387328,Lonnie Johnson Jr,6,3,9535,32,14,57.00,2,8,1,1,4,33,0.00,0,1,36.00
Raiders,LV,22,,LEDGE,553386536,Maxx Crosby,6,0,9426,98,11,31.00,1,1,0,0,0,0,6.00,0,0,19.00
Raiders,LV,22,,DT,553386371,Adam Butler,8,0,9151,69,1,1.00,0,0,0,1,0,0,0.00,0,0,1.00
Raiders,LV,22,,WILL,553385994,Jamal Adams,8,0,8463,33,15,69.00,9,9,2,0,3,48,1.00,0,1,46.00
Raiders,LV,22,,MIKE,553388235,Elandon Roberts,9,0,8195,52,5,8.00,1,2,1,2,0,0,0.00,0,0,5.00
Raiders,LV,22,,REDGE,553388461,Za'Darius Smith,10,0,7335,90,13,28.00,0,2,0,0,0,0,5.00,0,0,18.00
Raiders,LV,22,,DT,553387029,Johnathan Hankins,12,0,5846,91,6,13.00,0,0,0,0,0,0,3.50,0,0,6.00
Rams,LAR,23,,MIKE,553389121,Jailin Walker,0,0,11028,49,7,15.00,0,2,0,0,0,0,0.00,0,0,15.00
Rams,LAR,23,,REDGE,553388506,Josaiah Stewart,0,0,10741,10,13,49.00,0,1,2,1,0,0,9.00,0,0,25.00
Rams,LAR,23,,WILL,553389043,Shaun Dolac,0,0,0,56,1,1.00,0,0,0,0,0,0,0.00,0,0,1.00
Rams,LAR,23,,DT,553387018,Ty Hamilton,0,0,10571,57,7,23.00,0,0,0,1,0,0,3.50,0,1,10.00
Rams,LAR,23,,LEDGE,553388744,Jared Verse,1,0,10279,8,12,25.00,0,3,1,0,0,0,5.00,0,0,12.00
Rams,LAR,23,,FS,553387470,Kamren Kinchens,1,0,10141,26,16,48.00,1,5,0,0,5,102,0.00,0,0,33.00
Rams,LAR,23,,WILL,553388482,Omar Speights,1,0,10959,48,16,78.00,5,10,2,1,2,56,1.50,0,1,57.00
Rams,LAR,23,,DT,553388708,Kobie Turner,2,0,5178,91,10,34.00,1,1,1,1,0,0,4.50,0,1,16.00
Rams,LAR,23,,LEDGE,553387023,Nick Hampton,2,0,2180,6,4,11.00,0,0,0,0,0,0,1.00,0,0,9.00
Rams,LAR,23,,CB,553386691,Cobie Durant,3,0,1554,14,4,4.00,1,0,0,0,0,0,0.00,0,0,4.00
Rams,LAR,23,,CB,553386726,Kaiir Elam,3,0,1561,20,14,41.00,2,9,0,0,2,23,0.00,0,0,35.00
Rams,LAR,23,,MIKE,553387527,Nate Landman,3,0,1804,53,7,15.00,4,1,0,0,1,8,0.00,0,0,12.00
Rams,LAR,23,,FS,553387517,Quentin Lake,3,0,1803,37,11,22.00,4,1,0,0,2,28,0.00,0,0,16.00
Rams,LAR,23,,SS,553386551,Kamren Curl,5,0,225,3,16,53.00,4,8,0,0,4,286,0.50,0,0,40.00
Rams,LAR,23,,MIKE,553387205,Khaleke Hudson,5,0,371,44,9,15.00,1,0,0,1,0,0,0.00,0,0,15.00
Rams,LAR,23,,MIKE,553386129,Krys Barnes,5,0,1395,40,6,12.00,0,2,0,0,0,0,0.00,0,0,12.00
Rams,LAR,23,,CB,553388875,Darious Williams,7,0,9955,31,15,42.00,8,4,0,0,2,91,0.00,0,1,30.00
Rams,LAR,23,,DT,553386826,Poona Ford,7,0,9333,95,4,8.00,0,0,0,0,0,0,0.50,0,0,7.00
Rams,LAR,23,,CB,553388949,Ahkello Witherspoon,8,0,8788,4,10,20.00,0,3,0,0,1,26,0.00,0,0,17.00
Rams,LAR,23,,WILL,553388224,Duke Riley,8,0,8701,45,15,52.00,2,2,0,0,2,37,1.00,0,0,44.00
Rams,LAR,23,,SS,553387306,Tony Jefferson,10,0,6728,28,4,7.00,0,0,0,0,0,0,0.00,0,0,7.00
Ravens,BAL,24,,FS,553388494,Malaki Starks,0,0,10740,24,16,64.00,3,12,0,0,6,70,1.00,0,1,38.00
Ravens,BAL,24,,LEDGE,553386972,Mike Green,0,0,10568,45,12,55.00,0,0,0,1,2,17,10.50,0,1,22.00
Ravens,BAL,24,,WILL,553386344,Teddye Buchanan,0,0,10508,40,8,11.00,1,1,0,0,0,0,1.00,0,0,9.00
Ravens,BAL,24,,CB,553388863,Nate Wiggins,1,0,10293,2,16,46.00,1,6,0,0,3,69,0.00,0,1,31.00
Ravens,BAL,24,,SS,553387441,Sanoussi Kane,1,0,10406,21,2,2.00,1,2,0,0,0,0,0.00,0,0,2.00
Ravens,BAL,24,,REDGE,553388258,Tavius Robinson,2,0,2374,95,1,1.00,0,0,0,0,0,0,0.00,0,0,1.00
Ravens,BAL,24,,WILL,553388400,Trenton Simpson,2,0,2393,32,15,52.00,2,3,0,0,1,7,6.00,0,0,37.00
Ravens,BAL,24,,LEDGE,553386049,Will Anderson Jr,2,0,856,97,11,42.00,0,4,1,0,0,0,10.00,0,0,19.00
Ravens,BAL,24,,REDGE,553387972,David Ojabo,3,0,1867,98,2,2.00,0,0,0,0,0,0,0.00,0,0,2.00
Ravens,BAL,24,,SS,553387016,Kyle Hamilton,3,0,1753,14,13,57.00,0,7,1,1,10,96,0.00,0,0,24.00
Ravens,BAL,24,,DT,553387413,Travis Jones,3,0,1790,98,10,18.00,0,2,0,1,0,0,3.00,0,0,12.00
Ravens,BAL,24,,FS,553388800,Ar'Darius Washington,4,0,1082,29,8,12.00,0,3,0,0,1,4,0.00,0,0,9.00
Ravens,BAL,24,,MIKE,553386587,Jamin Davis,4,0,1589,52,5,6.00,0,0,0,0,0,0,0.00,0,0,6.00
Ravens,BAL,24,,REDGE,553388020,Odafe Oweh,4,0,1602,99,5,10.00,0,2,0,0,0,0,1.50,0,0,7.00
Ravens,BAL,24,,DT,553387637,Nnamdi Madubuike,5,0,441,92,11,46.00,0,1,2,1,0,0,8.00,0,0,24.00
Ravens,BAL,24,,SAM,553388567,Sione Takitaki,6,0,9647,56,10,17.00,0,1,0,0,0,0,0.50,0,0,16.00
Ravens,BAL,24,,CB,553386090,Anthony Averett,7,0,8808,28,4,5.00,0,0,0,0,0,0,0.00,0,0,5.00
Ravens,BAL,24,,CB,553386019,Jaire Alexander,7,0,8797,23,16,35.00,1,6,0,0,2,57,0.00,0,0,29.00
Ravens,BAL,24,,MIKE,553388449,Roquan Smith,7,0,9061,0,15,64.00,0,6,1,1,4,67,1.00,0,1,41.00
Ravens,BAL,24,,CB,553386095,Chidobe Awuzie,8,0,8471,3,8,12.00,1,1,0,0,0,0,0.00,0,0,12.00
Ravens,BAL,24,,CB,553387218,Marlon Humphrey,8,0,8595,44,12,37.00,2,12,0,0,3,88,0.00,0,1,22.00
Ravens,BAL,24,,LEDGE,553388733,Kyle Van Noy,11,0,6652,53,1,1.00,0,0,0,0,0,0,0.00,0,0,1.00
Ravens,BAL,24,,DT,553387311,John Jenkins,12,0,5895,94,2,2.00,0,0,0,0,0,0,0.00,0,0,2.00
Saints,NO,26,,DT,553388839,CJ West,0,0,10776,97,1,1.00,0,0,0,0,0,0,0.50,0,0,0.00
Saints,NO,26,,MIKE,553388541,Danny Stutsman,0,0,10745,28,11,38.00,1,2,0,0,2,23,2.00,0,0,28.00
Saints,NO,26,,WILL,553388977,Isaiah Stalbird,0,0,0,53,1,1.00,0,0,0,0,0,0,0.00,0,0,1.00
Saints,NO,26,,FS,553388324,Jonas Sanker,0,0,10720,33,4,11.00,1,0,1,0,0,0,0.50,0,0,7.00
Saints,NO,26,,CB,553388227,Quincy Riley,0,0,10706,29,12,34.00,4,4,0,0,1,96,0.50,0,1,24.00
Saints,NO,26,,CB,553387744,Kool-Aid McKinstry,1,0,10173,4,12,37.00,6,6,0,1,2,42,0.00,0,0,31.00
Saints,NO,26,,DT,553386275,Bryan Bresee,2,0,1781,90,8,26.00,0,1,1,0,0,0,5.00,0,0,13.00
Saints,NO,26,,SS,553387200,Jordan Howden,2,0,2213,31,13,52.00,5,6,0,1,3,63,0.50,0,1,36.00
Saints,NO,26,,CB,553388574,Alontae Taylor,3,0,1969,1,1,3.00,0,0,0,0,0,0,0.00,0,0,3.00
Saints,NO,26,,REDGE,553388296,Chris Rumph II,4,0,1586,58,1,2.00,0,0,0,0,0,0,0.00,0,0,2.00
Saints,NO,26,,SAM,553388837,Pete Werner,4,0,1069,20,10,19.00,2,2,0,0,0,0,1.00,0,0,17.00
Saints,NO,26,,LEDGE,553389008,Chase Young,5,0,687,99,12,42.00,0,1,1,0,0,0,10.00,0,0,19.00
Saints,NO,26,,SS,553386206,Julian Blackmon,5,0,97,23,14,44.00,4,8,0,0,2,18,1.00,0,0,36.00
Saints,NO,26,,REDGE,553386954,Carl Granderson,6,0,9475,96,9,27.00,1,5,1,0,0,0,4.00,0,0,16.00
Saints,NO,26,,CB,553386042,Ugo Amadi,6,0,9368,0,11,39.00,3,6,0,0,1,37,3.50,0,1,23.00
Saints,NO,26,,CB,553389001,Isaac Yiadom,7,0,9128,27,4,5.00,0,0,0,0,0,0,0.00,0,0,5.00
Saints,NO,26,,WILL,553387321,Josey Jewell,7,0,8946,47,11,14.00,1,0,0,0,0,0,0.00,0,0,14.00
Saints,NO,26,,FS,553388194,Justin Reid,7,0,9035,21,13,37.00,4,3,1,0,2,29,0.00,0,0,28.00
Saints,NO,26,,DT,553388375,Nathan Shepherd,7,0,9057,93,1,0.00,0,0,0,1,0,0,0.00,0,0,0.00
Saints,NO,26,,DT,553386927,Davon Godchaux,8,0,8566,92,11,20.00,0,1,1,1,0,0,1.50,0,0,14.00
Saints,NO,26,,WILL,553388191,Jalen Reeves-Maybin,8,0,8698,42,5,6.00,0,0,0,0,0,0,0.00,0,0,6.00
Saints,NO,26,,MIKE,553387129,Neville Hewitt,10,0,7712,43,2,4.00,3,0,0,0,0,0,0.00,0,0,4.00
Saints,NO,26,,WILL,553386581,Demario Davis,13,0,5132,56,4,8.00,0,2,0,0,0,0,0.00,0,0,8.00
Saints,NO,26,,CB,553386916,Stephon Gilmore,13,0,5184,39,13,33.00,4,4,0,0,4,88,0.00,0,0,21.00
Saints,NO,26,,DT,553387420,Cameron Jordan,14,0,4404,98,6,14.00,0,0,0,0,0,0,1.00,0,0,12.00
Seahawks,SEA,27,,SS,553386739,Nick Emmanwori,0,0,10543,3,14,44.00,0,7,2,0,1,2,0.00,0,0,35.00
Seahawks,SEA,27,,DT,553387805,Rylie Mills,0,0,10663,98,1,1.00,0,0,0,0,0,0,0.00,0,0,1.00
Seahawks,SEA,27,,DT,553387885,Byron Murphy II,1,0,10189,91,10,34.00,0,0,0,0,0,0,8.50,0,0,17.00
Seahawks,SEA,27,,CB,553388140,Nehemiah Pritchett,1,0,10215,28,2,3.00,1,0,0,0,0,0,0.00,0,0,3.00
Seahawks,SEA,27,,WILL,553386719,Tommy Eichenberg,1,0,10065,43,2,3.00,0,0,0,0,0,0,0.00,0,0,3.00
Seahawks,SEA,27,,WILL,553387490,Tyrice Knight,1,4,10145,48,12,55.00,0,4,0,0,3,35,4.00,0,0,38.00
Seahawks,SEA,27,,LEDGE,553387005,Derick Hall,2,0,2179,58,1,1.00,0,0,0,0,0,0,0.00,0,0,1.00
Seahawks,SEA,27,,CB,553388950,Devon Witherspoon,2,0,2485,21,15,49.00,0,5,0,0,3,71,0.00,0,2,28.00
Seahawks,SEA,27,,WILL,553388614,Drake Thomas,2,0,10448,42,4,4.00,0,0,0,0,0,0,0.00,0,0,4.00
Seahawks,SEA,27,,REDGE,553387639,Boye Mafe,3,0,1821,53,9,26.00,0,0,0,0,0,0,6.00,0,0,14.00
Seahawks,SEA,27,,SS,553386339,Coby Bryant,3,0,1219,8,12,25.00,3,3,0,0,1,254,0.00,0,0,22.00
Seahawks,SEA,27,,CB,553387457,Derion Kendrick,3,0,1797,1,8,14.00,0,3,0,0,1,255,0.00,0,0,11.00
Seahawks,SEA,27,,CB,553387322,Josh Jobe,3,0,1778,29,1,1.00,0,0,0,0,0,0,0.00,0,0,1.00
Seahawks,SEA,27,,CB,553388956,Samuel Womack III,3,0,5323,35,10,27.00,0,4,0,0,4,37,1.00,0,0,13.00
Seahawks,SEA,27,,CB,553388971,Tariq Woolen,3,0,2054,27,14,50.00,0,13,0,0,4,184,2.00,0,0,34.00
Seahawks,SEA,27,,SAM,553388548,Chazz Surratt,4,0,950,44,5,12.00,0,0,2,0,0,0,0.00,0,0,6.00
Seahawks,SEA,27,,MIKE,553387371,Ernest Jones IV,4,0,1595,13,16,65.00,2,8,0,0,8,123,0.00,0,0,41.00
Seahawks,SEA,27,,MIKE,553386982,Jonas Griffith,5,0,880,50,6,7.00,1,1,0,0,0,0,0.00,0,0,7.00
Seahawks,SEA,27,,FS,553387612,Julian Love,6,0,9558,20,14,29.00,0,3,0,0,0,0,0.00,0,0,29.00
Seahawks,SEA,27,,SAM,553386187,Ja'Whaun Bentley,7,0,9706,56,10,21.00,0,0,0,0,2,26,1.00,0,0,13.00
Seahawks,SEA,27,,DT,553388186,Jarran Reed,9,0,8191,90,6,10.00,0,1,0,0,0,0,2.00,0,0,6.00
Seahawks,SEA,27,,FS,553387699,Bobby McCain,10,0,7233,34,8,12.00,2,2,0,0,0,0,0.00,0,0,12.00
Seahawks,SEA,27,,DT,553388894,Leonard Williams,10,0,7381,99,11,19.00,0,1,0,0,0,0,3.00,0,0,13.00
Seahawks,SEA,27,,LEDGE,553387542,DeMarcus Lawrence,11,0,6487,0,12,41.00,0,2,0,0,1,9,8.50,0,0,21.00
Steelers,PIT,28,,MIKE,553386334,Carson Bruener,0,0,10505,44,4,5.00,0,0,0,0,0,0,0.00,0,0,5.00
Steelers,PIT,28,,DT,553387040,Derrick Harmon,0,0,10574,99,10,30.00,0,1,1,0,0,0,6.50,0,0,14.00
Steelers,PIT,28,,WILL,553388927,Payton Wilson,1,0,10302,41,15,59.00,0,7,0,1,2,159,1.00,0,2,39.00
Steelers,PIT,28,,CB,553388120,Joey Porter,2,0,2358,24,16,54.00,0,5,0,0,4,147,0.00,0,3,24.00
Steelers,PIT,28,,DT,553386188,Keeanu Benton,2,0,8199,95,3,3.00,0,2,0,0,0,0,1.00,0,0,1.00
Steelers,PIT,28,,CB,553386703,Brandin Echols,4,0,1358,26,6,7.00,0,0,0,0,0,0,0.00,0,0,7.00
Steelers,PIT,28,,REDGE,553387142,Alex Highsmith,5,0,352,56,13,41.00,0,2,1,0,0,0,7.00,0,0,24.00
Steelers,PIT,28,,SAM,553387065,Malik Harrison,5,0,332,50,1,1.00,0,0,0,0,0,0,0.00,0,0,1.00
Steelers,PIT,28,,MIKE,553388153,Patrick Queen,5,0,538,6,14,34.00,0,3,1,1,1,21,0.00,0,0,28.00
Steelers,PIT,28,,SAM,553387170,Cole Holcomb,6,0,1452,55,10,24.00,0,5,0,0,2,14,1.00,0,0,16.00
Steelers,PIT,28,,WILL,553387603,David Long Jr,6,0,9556,47,4,5.00,0,0,0,0,0,0,0.00,0,0,5.00
Steelers,PIT,28,,FS,553388637,Juan Thornhill,6,0,9655,22,15,39.00,0,4,0,0,2,2,0.00,0,0,33.00
Steelers,PIT,28,,SS,553386728,DeShon Elliott,7,0,8877,25,16,62.00,0,4,0,0,5,130,0.00,0,1,41.00
Steelers,PIT,28,,SS,553388857,Jordan Whitehead,7,0,9110,35,3,5.00,0,2,0,0,0,0,0.00,0,0,5.00
Steelers,PIT,28,,SS,553386455,Chuck Clark,8,0,8507,21,7,14.00,0,3,0,0,1,40,0.00,0,0,11.00
Steelers,PIT,28,,LEDGE,553388818,T.J. Watt,8,0,8770,90,12,32.00,0,2,1,0,0,0,5.50,0,0,18.00
Steelers,PIT,28,,CB,553388162,Jalen Ramsey,9,0,8185,5,15,34.00,0,7,0,0,2,19,0.00,0,0,28.00
Steelers,PIT,28,,CB,553388417,Darius Slay Jr,12,0,6273,23,16,30.00,0,8,0,0,1,1,0.00,0,0,27.00
Steelers,PIT,28,,FS,553386918,Tashaun Gipson Sr,13,0,6702,43,3,3.00,0,0,0,0,0,0,0.00,0,0,3.00
Steelers,PIT,28,,DT,553387130,Cameron Heyward,14,0,4384,97,9,15.00,0,2,1,0,0,0,0.00,0,0,12.00
Texans,HOU,31,,CB,553388439,Jaylin Smith,0,0,10736,22,5,5.00,0,0,0,0,0,0,0.00,0,0,5.00
Texans,HOU,31,,FS,553386350,Calen Bullock,1,0,10025,2,12,43.00,1,3,1,0,5,56,1.00,0,0,23.00
Texans,HOU,31,,MIKE,553387146,Jamal Hill,1,0,10396,56,2,2.00,0,1,0,0,0,0,0.00,0,0,2.00
Texans,HOU,31,,CB,553387533,Kamari Lassiter,1,0,10147,4,15,35.00,2,9,0,0,3,17,0.00,0,0,26.00
Texans,HOU,31,,WILL,553388667,Henry To'oTo'o,2,0,2431,39,12,16.00,1,2,0,1,0,0,0.00,0,0,16.00
Texans,HOU,31,,LEDGE,553386049,Will Anderson Jr,2,0,856,97,5,12.00,0,2,0,0,0,0,2.00,0,0,8.00
Texans,HOU,31,,WILL,553387047,Christian Harris,3,0,1756,48,5,6.00,0,0,0,0,0,0,0.00,0,0,6.00
Texans,HOU,31,,CB,553388514,Derek Stingley Jr,3,0,1956,24,14,52.00,3,5,0,0,5,107,0.00,0,1,31.00
Texans,HOU,31,,FS,553388109,Jalen Pitre,3,0,1893,5,14,46.00,2,9,1,0,2,0,0.00,0,0,37.00
Texans,HOU,31,,REDGE,553388576,Darrell Taylor,5,0,607,52,2,8.00,0,0,0,0,0,0,1.00,0,0,6.00
Texans,HOU,31,,MIKE,553386040,Azeez Al-Shaair,6,0,9361,0,15,48.00,2,8,2,3,1,0,0.00,0,0,39.00
Texans,HOU,31,,SS,553386886,C.J. Gardner-Johnson,6,0,9466,8,14,54.00,3,3,1,0,2,24,1.50,0,0,42.00
Texans,HOU,31,,SAM,553388481,E.J. Speed,6,0,158,45,13,24.00,0,4,0,0,2,26,1.00,0,0,16.00
Texans,HOU,31,,DT,553386783,Folorunso Fatukasi,7,0,8884,91,5,7.00,0,0,0,0,0,0,1.00,0,0,5.00
Texans,HOU,31,,CB,553388454,Tremon Smith,8,0,9353,11,1,6.00,0,0,0,0,0,34,0.00,0,1,0.00
Texans,HOU,31,,DT,553388165,Sheldon Rankins,9,0,8186,90,5,9.00,0,0,0,0,0,0,0.50,0,0,8.00
Texans,HOU,31,,REDGE,553387223,Danielle Hunter,10,0,7179,55,12,25.00,0,1,0,0,0,0,5.50,0,0,14.00
Texans,HOU,31,,DT,553386708,Mario Edwards Jr,10,0,7099,97,1,1.00,0,0,0,0,0,0,0.00,0,0,1.00
Texans,HOU,31,,LEDGE,553386089,Denico Autry,11,0,7005,96,8,12.00,0,1,0,1,0,0,1.50,0,0,9.00
Texans,HOU,31,,SS,553388790,Jimmie Ward,11,0,6626,20,11,21.00,2,3,0,0,1,17,0.00,0,0,18.00
Titans,TEN,29,,SS,553388942,Kevin Winston Jr.,0,0,10787,23,15,60.00,0,7,0,1,5,82,0.00,0,0,45.00
Titans,TEN,29,,LEDGE,553387988,Oluwafemi Oladejo,0,0,10683,7,8,29.00,0,1,0,0,0,0,7.00,0,0,15.00
Titans,TEN,29,,WILL,553386961,Cedric Gray,1,0,10088,33,15,51.00,0,4,0,0,2,27,0.00,0,0,45.00
Titans,TEN,29,,CB,553386332,Jarvis Brownlee Jr,1,0,10023,29,5,8.00,0,1,0,0,0,0,0.00,0,0,8.00
Titans,TEN,29,,DT,553388558,T'Vondre Sweat,1,0,10258,93,9,20.00,0,1,0,0,0,0,2.00,1,0,14.00
Titans,TEN,29,,WILL,553388019,DeMarvion Overshown,2,0,2344,52,15,74.00,0,4,0,0,13,527,0.00,0,2,23.00
Titans,TEN,29,,REDGE,553388603,Kayvon Thibodeaux,3,0,1973,99,9,24.00,0,0,1,0,0,0,4.00,0,0,13.00
Titans,TEN,29,,CB,553387717,Roger McCreary,3,0,1843,21,14,54.00,0,5,0,0,5,388,0.00,0,1,33.00
Titans,TEN,29,,CB,553388313,Asante Samuel Jr,4,0,1289,32,6,9.00,0,0,1,0,0,0,0.00,0,0,6.00
Titans,TEN,29,,CB,553388469,L'Jarius Sneed,5,0,579,38,14,57.00,0,4,0,0,9,138,0.00,0,0,30.00
Titans,TEN,29,,FS,553387180,Amani Hooker,6,0,9508,37,13,42.00,0,8,1,0,3,61,0.00,0,0,30.00
Titans,TEN,29,,SAM,553386142,Cody Barton,6,0,9381,50,15,80.00,0,3,2,0,5,59,1.00,0,1,51.00
Titans,TEN,29,,REDGE,553387392,Dre'Mont Jones,6,0,9538,45,5,12.00,0,0,0,0,0,0,3.00,0,0,6.00
Titans,TEN,29,,DT,553388394,Jeffery Simmons,6,0,156,98,10,18.00,0,2,2,0,0,0,1.00,0,0,10.00
Titans,TEN,29,,DT,553387428,Sebastian Joseph-Day,7,0,9827,69,2,4.00,0,0,0,0,0,0,1.00,0,0,2.00
Titans,TEN,29,,MIKE,553387861,Nicholas Morrow,8,0,9246,43,5,11.00,0,2,0,0,2,24,0.00,0,0,5.00
Titans,TEN,29,,FS,553388968,Xavier Woods,8,0,8789,25,10,13.00,0,2,1,0,0,0,0.00,0,0,10.00
Titans,TEN,29,,FS,553386641,Quandre Diggs,10,0,7084,28,3,3.00,0,0,0,0,0,0,0.00,0,0,3.00
Vikings,MIN,30,,MIKE,553389077,Austin Keys,0,0,11017,56,4,4.00,1,1,0,0,0,0,0.00,0,0,4.00
Vikings,MIN,30,,WILL,553387474,Kobe King,0,0,10625,41,1,1.00,0,0,0,0,0,0,0.00,0,0,1.00
Vikings,MIN,30,,DT,553387242,Tyrion Ingram-Dawkins,0,0,10601,90,1,1.00,0,0,0,0,0,0,0.00,0,0,1.00
Vikings,MIN,30,,LEDGE,553388219,Bo Richter,1,0,10957,98,2,7.00,0,1,1,0,0,0,1.00,0,0,2.00
Vikings,MIN,30,,REDGE,553388706,Dallas Turner,1,0,10273,15,6,18.00,0,2,0,0,0,0,4.00,0,0,10.00
Vikings,MIN,30,,CB,553387730,Dwight McGlothern,1,0,10171,6,2,2.00,0,0,0,0,0,0,0.00,0,0,2.00
Vikings,MIN,30,,WILL,553388026,Ivan Pace Jr,2,0,2346,0,16,59.00,2,11,2,1,0,0,1.00,0,0,51.00
Vikings,MIN,30,,DT,553388182,Jalen Redmond,2,0,2364,61,6,6.00,0,1,0,0,0,0,0.00,0,0,6.00
Vikings,MIN,30,,SS,553388788,Jay Ward,2,0,2451,24,4,10.00,0,0,0,0,2,25,0.00,0,0,4.00
Vikings,MIN,30,,CB,553388265,Isaiah Rodgers Sr,5,0,1513,2,10,34.00,7,4,0,0,2,42,0.50,0,1,21.00
Vikings,MIN,30,,CB,553387984,Jeff Okudah,5,0,489,8,6,8.00,2,1,0,0,0,0,0.00,0,0,8.00
Vikings,MIN,30,,LEDGE,553386975,Jonathan Greenard,5,0,305,58,12,27.00,0,4,2,0,0,0,2.50,0,0,16.00
Vikings,MIN,30,,SS,553387786,Josh Metellus,5,0,458,44,14,40.00,4,6,2,2,1,2,1.00,0,0,29.00
Vikings,MIN,30,,REDGE,553388730,Andrew Van Ginkel,6,0,9661,43,7,20.00,0,0,0,0,0,0,3.50,0,0,13.00
Vikings,MIN,30,,MIKE,553386422,Blake Cashman,6,0,9415,51,16,80.00,5,7,2,5,1,255,3.00,0,0,65.00
Vikings,MIN,30,,CB,553387886,Byron Murphy Jr,6,0,9582,7,15,51.00,8,7,0,0,2,88,0.00,0,0,45.00
Vikings,MIN,30,,FS,553388623,Tavierre Thomas,7,0,9938,37,2,2.00,0,0,0,0,0,0,0.00,0,0,2.00
Vikings,MIN,30,,SAM,553388920,Eric Wilson,8,0,9318,55,7,12.00,4,3,0,0,1,14,0.00,0,0,9.00
Vikings,MIN,30,,DT,553386032,Jonathan Allen,8,0,8793,93,10,22.00,0,0,0,1,0,0,2.00,0,0,18.00
Vikings,MIN,30,,DT,553387038,Javon Hargrave,9,0,8035,97,9,20.00,0,2,0,0,0,0,3.50,0,0,13.00
Vikings,MIN,30,,CB,553386866,Kendall Fuller,9,0,8013,29,14,43.00,1,8,1,2,1,35,0.00,0,1,31.00
Vikings,MIN,30,,FS,553388438,Harrison Smith,13,0,5485,22,16,49.00,5,11,2,0,2,33,0.00,0,0,37.00
