team_abbrev,team_name,player_id,player_name,position,normalized_pos,ovr,dev,id,rosterId,league,team,last_updated,trade_block,trade_value,isRetired,injury,injury_discord_notified,hide_injury,age,birthDay,birthMonth,birthYear,college,draftPick,draftRound,firstName,fullName,cleanName,experiencePoints,height,homeState,homeTown,injuryLength,injuryType,isActive,isFreeAgent,isOnIR,isOnPracticeSquad,jerseyNum,lastName,legacyScore,portraitId,presentationId,playerBestOvr,playerSchemeOvr,reSignStatus,rookieYear,scheme,skillPoints,teamSchemeOvr,weight,yearsPro,capHit,capReleaseNetSavings,capReleasePenalty,contractBonus,contractLength,contractSalary,contractYearsLeft,desiredBonus,desiredLength,desiredSalary,durabilityGrade,intangibleGrade,physicalGrade,productionGrade,sizeGrade,rosterGoalList,signatureSlotList,accelRating,agilityRating,awareRating,confRating,injuryRating,jumpRating,speedRating,staminaRating,strengthRating,toughRating,impactBlockRating,leadBlockRating,passBlockFinesseRating,passBlockPowerRating,passBlockRating,runBlockFinesseRating,runBlockPowerRating,runBlockRating,breakSackRating,throwAccDeepRating,throwAccMidRating,throwAccRating,throwAccShortRating,throwOnRunRating,throwPowerRating,throwUnderPressureRating,playActionRating,bCVRating,breakTackleRating,catchRating,carryRating,cITRating,jukeMoveRating,kickRetRating,spinMoveRating,stiffArmRating,truckRating,changeOfDirectionRating,releaseRating,routeRunDeepRating,routeRunMedRating,routeRunShortRating,specCatchRating,finesseMovesRating,hitPowerRating,blockShedRating,manCoverRating,playRecRating,powerMovesRating,pressRating,pursuitRating,tackleRating,zoneCoverRating,kickAccRating,kickPowerRating,clutchTrait,devTrait,highMotorTrait,penaltyTrait,predictTrait,qBStyleTrait,forcePassTrait,sensePressureTrait,throwAwayTrait,tightSpiralTrait,coverBallTrait,runStyle,fightForYardsTrait,dropOpenPassTrait,feetInBoundsTrait,hPCatchTrait,playBallTrait,posCatchTrait,yACCatchTrait,bigHitTrait,dLBullRushTrait,dLSpinTrait,dLSwimTrait,lBStyleTrait,stripBallTrait
GB,Packers,1313381364,Micah Parsons,REDGE,DE,99,3,1313381364,553388041,MEGA,Packers,2025-11-24 08:38:56.507488,False,3532,False,Broken Collarbone,True,False,27,26,5,1999,Penn State,12,1,Micah,Micah Parsons,Micah Parsons,19618,75,37,Harrisburg,6,86,True,False,False,False,1,Parsons,5397,1058,21476,99,99,24,2021,11,0,96,245,5,19240000,500000,62680000,72150000,5,116460000,4,0,0,0,0,96,91,0,95,[],"[{'locked': False, 'isEmpty': False, 'ovrThreshold': 0, 'signatureAbility': {'rank': 'ABILITY_BRONZE', 'isPassive': False, 'isUnlocked': False, 'abilityGUID': '', 'activationId': '', 'deactivationId': '', 'signatureTitle': 'Unstoppable Force', 'startActivated': False, 'signatureLogoId': 1102, 'activationEnabled': False, 'unlockRequirement': '', 'deactivationEnabled': False, 'signatureDescription': 'Elite pass rushers are a mix of strength, speed, and tenacity. When they enter the zone, this ability increases their win rate and block shed speed against one-on-one pass blocks.', 'marketplaceAbilityAlias': '', 'signatureActivationDescription': 'Sack the QB', 'signatureDeactivationDescription': ""Don't allow yards""}}, {'locked': False, 'isEmpty': False, 'ovrThreshold': 75, 'signatureAbility': {'rank': 'ABILITY_BRONZE', 'isPassive': False, 'isUnlocked': False, 'abilityGUID': '', 'activationId': '', 'deactivationId': '', 'signatureTitle': 'Edge Threat', 'startActivated': False, 'signatureLogoId': 1132, 'activationEnabled': False, 'unlockRequirement': '', 'deactivationEnabled': False, 'signatureDescription': 'Defenders with this ability use faster, more dominant pass rush moves while rushing from the edge of the defense.', 'marketplaceAbilityAlias': '', 'signatureActivationDescription': '', 'signatureDeactivationDescription': ''}}, {'locked': False, 'isEmpty': False, 'ovrThreshold': 80, 'signatureAbility': {'rank': 'ABILITY_BRONZE', 'isPassive': False, 'isUnlocked': False, 'abilityGUID': '', 'activationId': '', 'deactivationId': '', 'signatureTitle': 'Out My Way', 'startActivated': False, 'signatureLogoId': 1301, 'activationEnabled': False, 'unlockRequirement': '', 'deactivationEnabled': False, 'signatureDescription': 'Defenders with this ability will frequently attempt and win impact blocks against receivers, tight ends, and running backs.', 'marketplaceAbilityAlias': '', 'signatureActivationDescription': '', 'signatureDeactivationDescription': ''}}, {'locked': False, 'isEmpty': False, 'ovrThreshold': 85, 'signatureAbility': {'rank': 'ABILITY_BRONZE', 'isPassive': False, 'isUnlocked': False, 'abilityGUID': '', 'activationId': '', 'deactivationId': '', 'signatureTitle': 'Secure Tackler', 'startActivated': False, 'signatureLogoId': 1191, 'activationEnabled': False, 'unlockRequirement': '', 'deactivationEnabled': False, 'signatureDescription': 'Defenders with this ability have an increased success rate when using conservative or diving tackles.', 'marketplaceAbilityAlias': '', 'signatureActivationDescription': '', 'signatureDeactivationDescription': ''}}, {'locked': False, 'isEmpty': False, 'ovrThreshold': 95, 'signatureAbility': {'rank': 'ABILITY_BRONZE', 'isPassive': False, 'isUnlocked': False, 'abilityGUID': '', 'activationId': '', 'deactivationId': '', 'signatureTitle': 'Adrenaline Rush', 'startActivated': False, 'signatureLogoId': 1311, 'activationEnabled': False, 'unlockRequirement': '', 'deactivationEnabled': False, 'signatureDescription': 'Pass rushers with this ability will heal some of their fatigue after sacking the QB', 'marketplaceAbilityAlias': '', 'signatureActivationDescription': '', 'signatureDeactivationDescription': ''}}]",95,90,97,50,93,85,90,90,89,87,84,20,45,45,45,45,45,45,12,6,6,30,6,6,30,15,6,71,57,62,69,44,71,60,61,58,62,79,36,31,36,40,47,98,85,84,61,95,91,57,95,91,64,20,20,0,3,0,0,0,0,,0,0,0,0,3,0,0,0,0,0,0,0,0,0,0,0,0,0
GB,Packers,1313381363,Xavier McKinney,SS,S,94,2,1313381363,553387743,MEGA,Packers,2025-11-24 08:38:56.507279,False,1196,False,,False,False,27,9,8,1999,Alabama,4,2,Xavier,Xavier McKinney,Xavier McKinney,7956,72,9,Roswell,0,97,True,False,False,False,29,McKinney,958,452,21023,94,94,24,2020,11,0,90,201,6,22660000,13350000,18620000,33680000,4,33320000,2,0,0,0,0,90,85,0,95,[],"[{'locked': False, 'isEmpty': False, 'ovrThreshold': 75, 'signatureAbility': {'rank': 'ABILITY_BRONZE', 'isPassive': False, 'isUnlocked': False, 'abilityGUID': '', 'activationId': '', 'deactivationId': '', 'signatureTitle': 'Mid Zone KO', 'startActivated': False, 'signatureLogoId': 1335, 'activationEnabled': False, 'unlockRequirement': '', 'deactivationEnabled': False, 'signatureDescription': 'Defenders with this ability force more catch knockouts and react quicker in any mid-field zone coverage, less than 20 yards from the LoS inside the numbers and 10-20 outside.', 'marketplaceAbilityAlias': '', 'signatureActivationDescription': '', 'signatureDeactivationDescription': ''}}, {'locked': False, 'isEmpty': False, 'ovrThreshold': 80, 'signatureAbility': {'rank': 'ABILITY_BRONZE', 'isPassive': False, 'isUnlocked': False, 'abilityGUID': '', 'activationId': '', 'deactivationId': '', 'signatureTitle': 'Acrobat', 'startActivated': False, 'signatureLogoId': 1105, 'activationEnabled': False, 'unlockRequirement': '', 'deactivationEnabled': False, 'signatureDescription': 'Players with this ability are more likely to succeed at and attempt diving catches and swats.', 'marketplaceAbilityAlias': '', 'signatureActivationDescription': '', 'signatureDeactivationDescription': ''}}, {'locked': False, 'isEmpty': False, 'ovrThreshold': 85, 'signatureAbility': {'rank': 'ABILITY_BRONZE', 'isPassive': False, 'isUnlocked': False, 'abilityGUID': '', 'activationId': '', 'deactivationId': '', 'signatureTitle': 'Film Study', 'startActivated': False, 'signatureLogoId': 1326, 'activationEnabled': False, 'unlockRequirement': '', 'deactivationEnabled': False, 'signatureDescription': 'Defenders with this ability will have full vision of plays the offense has run a scaling number of times each quarter, via coach cam.', 'marketplaceAbilityAlias': '', 'signatureActivationDescription': '', 'signatureDeactivationDescription': ''}}]",90,87,94,50,88,86,88,94,67,91,64,14,35,35,35,35,35,35,15,6,6,22,6,6,25,10,6,62,38,79,62,50,71,40,62,47,37,85,20,10,10,10,72,54,84,63,80,96,46,77,92,84,91,12,15,0,2,0,0,0,0,,0,0,0,0,3,0,0,0,0,0,0,0,0,0,0,0,0,0
GB,Packers,1313381359,Josh Jacobs,HB,RB,91,2,1313381359,553387286,MEGA,Packers,2025-11-24 08:38:56.506648,False,803,False,,False,False,28,11,2,1998,Alabama,24,1,Josh,Josh Jacobs,Josh Jacobs,17445,70,35,Tulsa,0,32,False,False,False,False,8,Jacobs,4116,9520,20488,91,91,24,2019,4,0,87,220,7,14630000,11500000,6260000,12520000,4,35380000,2,0,0,0,0,87,88,0,86,[],"[{'locked': False, 'isEmpty': False, 'ovrThreshold': 75, 'signatureAbility': {'rank': 'ABILITY_BRONZE', 'isPassive': False, 'isUnlocked': False, 'abilityGUID': '', 'activationId': '', 'deactivationId': '', 'signatureTitle': 'Bruiser', 'startActivated': False, 'signatureLogoId': 1122, 'activationEnabled': False, 'unlockRequirement': '', 'deactivationEnabled': False, 'signatureDescription': 'Ballcarriers with this ability have more powerful truck and stiff arm animations and a larger timing window for perfect attempts.', 'marketplaceAbilityAlias': '', 'signatureActivationDescription': '', 'signatureDeactivationDescription': ''}}, {'locked': False, 'isEmpty': False, 'ovrThreshold': 80, 'signatureAbility': {'rank': 'ABILITY_BRONZE', 'isPassive': False, 'isUnlocked': False, 'abilityGUID': '', 'activationId': '', 'deactivationId': '', 'signatureTitle': 'Steamroller', 'startActivated': False, 'signatureLogoId': 1949, 'activationEnabled': False, 'unlockRequirement': '', 'deactivationEnabled': False, 'signatureDescription': 'Ballcarriers with this ability retain more of their forward momentum during tackles while travelling at high speeds.', 'marketplaceAbilityAlias': '', 'signatureActivationDescription': '', 'signatureDeactivationDescription': ''}}, {'locked': False, 'isEmpty': False, 'ovrThreshold': 85, 'signatureAbility': {'rank': 'ABILITY_BRONZE', 'isPassive': False, 'isUnlocked': False, 'abilityGUID': '', 'activationId': '', 'deactivationId': '', 'signatureTitle': 'Tireless Runner', 'startActivated': False, 'signatureLogoId': 1947, 'activationEnabled': False, 'unlockRequirement': '', 'deactivationEnabled': False, 'signatureDescription': 'Ballcarriers with this ability are effective at recovering from attempted tackles regardless of their current stamina.', 'marketplaceAbilityAlias': '', 'signatureActivationDescription': '', 'signatureDeactivationDescription': ''}}]",90,86,92,50,93,84,90,92,83,95,54,38,36,40,59,27,33,39,39,23,31,20,37,27,36,19,19,95,95,72,89,53,91,77,80,92,92,83,51,41,55,62,55,10,25,28,22,20,10,20,36,34,30,10,15,0,2,0,0,0,0,,0,0,0,0,1,0,0,0,0,0,0,0,0,0,0,0,0,0
GB,Packers,1313380320,Bo Nix,QB,QB,89,3,1313380320,553387936,MEGA,Packers,2025-11-24 08:38:56.511125,False,1672,False,,False,False,26,25,2,2000,Oregon,12,1,Bo,Bo Nix,Bo Nix,8490,74,0,Pinson,0,97,True,False,False,False,10,Nix,1926,10195,14609,89,89,22,2024,0,0,89,214,2,2490000,2490000,0,0,4,8280000,2,0,0,0,0,89,0,0,96,[],"[{'locked': False, 'isEmpty': False, 'ovrThreshold': 0, 'signatureAbility': {'rank': 'ABILITY_BRONZE', 'isPassive': False, 'isUnlocked': False, 'abilityGUID': '', 'activationId': '', 'deactivationId': '', 'signatureTitle': 'Blitz Radar', 'startActivated': False, 'signatureLogoId': 1114, 'activationEnabled': False, 'unlockRequirement': '', 'deactivationEnabled': False, 'signatureDescription': 'Successful quarterbacks stay cool and stand confidently against the blitz. When they enter the zone, all blitzing linebackers and defensive backs are highlighted. Can be bluffed.', 'marketplaceAbilityAlias': '', 'signatureActivationDescription': 'Scramble for 10+ yards', 'signatureDeactivationDescription': ""Don't take sacks""}}, {'locked': False, 'isEmpty': False, 'ovrThreshold': 70, 'signatureAbility': {'rank': 'ABILITY_BRONZE', 'isPassive': False, 'isUnlocked': False, 'abilityGUID': '', 'activationId': '', 'deactivationId': '', 'signatureTitle': 'Homer', 'startActivated': False, 'signatureLogoId': 1139, 'activationEnabled': False, 'unlockRequirement': '', 'deactivationEnabled': False, 'signatureDescription': 'When playing at home, players with this ability can easily enter the Zone.', 'marketplaceAbilityAlias': '', 'signatureActivationDescription': '', 'signatureDeactivationDescription': ''}}, {'locked': False, 'isEmpty': False, 'ovrThreshold': 75, 'signatureAbility': {'rank': 'ABILITY_BRONZE', 'isPassive': False, 'isUnlocked': False, 'abilityGUID': '', 'activationId': '', 'deactivationId': '', 'signatureTitle': 'Tight Out', 'startActivated': False, 'signatureLogoId': 1353, 'activationEnabled': False, 'unlockRequirement': '', 'deactivationEnabled': False, 'signatureDescription': 'Passers with this ability improve the catching prowess of all tight ends who are open on pass plays.', 'marketplaceAbilityAlias': '', 'signatureActivationDescription': '', 'signatureDeactivationDescription': ''}}, {'locked': False, 'isEmpty': False, 'ovrThreshold': 80, 'signatureAbility': {'rank': 'ABILITY_BRONZE', 'isPassive': False, 'isUnlocked': False, 'abilityGUID': '', 'activationId': '', 'deactivationId': '', 'signatureTitle': 'Clutch', 'startActivated': False, 'signatureLogoId': 1124, 'activationEnabled': False, 'unlockRequirement': '', 'deactivationEnabled': False, 'signatureDescription': 'Midway through the fourth quarter in close games, players with this ability can easily enter (and remain in) the Zone.', 'marketplaceAbilityAlias': '', 'signatureActivationDescription': '', 'signatureDeactivationDescription': ''}}, {'locked': False, 'isEmpty': False, 'ovrThreshold': 85, 'signatureAbility': {'rank': 'ABILITY_BRONZE', 'isPassive': False, 'isUnlocked': False, 'abilityGUID': '', 'activationId': '', 'deactivationId': '', 'signatureTitle': 'Spin Cycle', 'startActivated': False, 'signatureLogoId': 1198, 'activationEnabled': False, 'unlockRequirement': '', 'deactivationEnabled': False, 'signatureDescription': 'Ballcarriers with this ability have steerable spin animations.', 'marketplaceAbilityAlias': '', 'signatureActivationDescription': '', 'signatureDeactivationDescription': ''}}, {'locked': True, 'isEmpty': False, 'ovrThreshold': 90, 'signatureAbility': {'rank': 'ABILITY_BRONZE', 'isPassive': False, 'isUnlocked': False, 'abilityGUID': '', 'activationId': '', 'deactivationId': '', 'signatureTitle': '', 'startActivated': False, 'signatureLogoId': 0, 'activationEnabled': False, 'unlockRequirement': '', 'deactivationEnabled': False, 'signatureDescription': '', 'marketplaceAbilityAlias': '', 'signatureActivationDescription': '', 'signatureDeactivationDescription': ''}}]",90,76,86,50,95,74,88,90,60,96,14,10,13,13,13,14,14,16,76,91,89,89,94,87,93,90,92,77,55,67,67,59,64,10,42,37,32,73,21,10,19,41,62,10,12,12,12,10,10,10,27,21,13,42,50,0,3,0,0,0,0,,0,0,0,0,11,0,0,0,0,0,0,0,0,0,0,0,0,0
GB,Packers,1313381379,Zach Tom,RT,OL,88,1,1313381379,553388656,MEGA,Packers,2025-11-24 08:38:56.508768,False,565,False,,False,False,27,26,3,1999,Wake Forest,35,4,Zach,Zach Tom,Zach Tom,6356,76,17,Prairieville,0,97,True,False,False,False,50,Tom,46,1988,22434,88,88,24,2022,4,0,88,304,4,19790000,9290000,31500000,31620000,4,34910000,3,0,0,0,0,88,81,0,99,[],[],84,75,91,50,92,80,74,87,81,75,83,87,94,79,89,91,78,87,13,6,6,22,6,6,19,11,6,24,20,26,24,19,10,10,10,21,23,60,15,5,10,15,23,10,24,28,9,25,12,10,27,28,9,14,13,0,1,0,0,0,0,,0,0,0,0,5,0,0,0,0,0,0,0,0,0,0,0,0,0
GB,Packers,1313381358,Elgton Jenkins,C,OL,87,1,1313381358,553387310,MEGA,Packers,2025-11-24 08:38:56.506438,False,293,False,,False,False,30,26,12,1995,Mississippi State,12,2,Elgton,Elgton Jenkins,Elgton Jenkins,21377,77,23,Clarksdale,0,97,True,False,False,False,74,Jenkins,2057,9524,20376,87,87,0,2019,2,0,79,311,7,24800000,20000000,4800000,24740000,5,48220000,1,0,0,0,0,79,86,0,99,[],[],73,63,90,50,87,70,74,89,89,87,86,76,87,88,87,76,74,75,12,6,6,24,6,6,24,10,6,15,11,26,25,15,20,10,22,15,29,55,20,5,5,10,15,25,42,39,12,23,30,10,40,38,15,14,19,0,1,0,0,0,0,,0,0,0,0,5,0,0,0,0,0,0,0,0,0,0,0,0,0
GB,Packers,1313381383,Jayden Reed,WR,WR,83,1,1313381383,553388187,MEGA,Packers,2025-11-24 08:38:56.509200,False,437,False,,False,False,26,28,4,2000,Michigan State,19,2,Jayden,Jayden Reed,Jayden Reed,5698,71,12,Naperville,0,97,True,False,False,False,11,Reed,116,2365,22786,83,83,0,2023,5,0,83,187,3,2250000,1670000,580000,2320000,4,4750000,1,0,0,0,0,83,88,0,79,[],[],94,89,83,50,86,83,94,88,58,86,41,21,18,13,22,29,20,49,28,31,35,35,39,39,52,32,26,89,76,81,74,87,87,82,78,48,36,91,75,86,85,84,85,25,18,26,29,30,14,26,49,31,35,14,19,0,1,0,0,0,0,,0,0,0,0,6,0,0,0,0,0,0,0,0,0,0,0,0,0
GB,Packers,1313381360,Rashan Gary,LEDGE,DE,83,1,1313381360,553386892,MEGA,Packers,2025-11-24 08:38:56.506857,False,307,False,,False,False,28,3,12,1997,Michigan,12,1,Rashan,Rashan Gary,Rashan Gary,6775,77,29,Plainfield,0,97,True,False,False,False,52,Gary,2208,9467,20551,83,83,24,2019,20,0,79,277,7,24170000,1250000,45840000,68150000,5,39330000,2,0,0,0,0,79,85,0,99,[],[],88,78,87,50,90,89,85,82,83,84,86,15,45,45,45,45,45,45,12,6,6,19,6,6,23,14,6,27,20,30,32,18,33,10,24,30,24,71,14,6,10,14,16,69,79,83,39,84,82,30,87,89,49,10,10,0,1,0,0,0,0,,0,0,0,0,11,0,0,0,0,0,0,0,0,0,0,0,0,0
GB,Packers,1313381365,Nate Hobbs,CB,CB,83,1,1313381365,553387161,MEGA,Packers,2025-11-24 08:38:56.507698,False,388,False,,False,False,27,24,6,1999,Illinois,23,5,Nate,Nate Hobbs,Nate Hobbs,2218,73,16,Louisville,0,97,True,False,False,False,21,Hobbs,563,1184,21481,83,83,24,2021,20,0,83,195,5,13050000,9050000,12000000,16000000,4,31730000,3,0,0,0,0,83,89,0,97,[],[],92,88,87,50,90,93,91,91,65,82,60,24,35,35,35,35,35,35,13,6,6,25,6,6,27,13,6,70,51,66,58,54,75,74,71,44,34,86,42,34,41,43,64,33,67,56,75,87,29,86,78,58,85,14,15,0,1,0,0,0,0,,0,0,0,0,3,0,0,0,0,0,0,0,0,0,0,0,0,0
GB,Packers,1313381348,Edgerrin Cooper,MIKE,LB,82,1,1313381348,553386512,MEGA,Packers,2025-11-24 08:38:56.504481,False,715,False,,False,False,24,17,11,2001,Texas A&M,13,2,Edgerrin,Edgerrin Cooper,Edgerrin Cooper,5223,74,17,Covington,0,97,True,False,False,False,56,Cooper,583,10041,14902,82,82,24,2024,0,0,79,230,2,2220000,1440000,1560000,3120000,4,5010000,2,0,0,0,0,79,84,0,99,[],[],92,80,79,50,92,83,89,85,72,87,75,37,36,35,40,44,44,45,23,20,22,24,26,27,22,38,18,64,51,70,65,61,68,45,64,57,53,78,26,21,30,35,59,66,84,71,79,79,55,67,85,87,78,19,21,0,1,0,0,0,0,,0,0,0,0,3,0,0,0,0,0,0,0,0,0,0,0,0,0
GB,Packers,1313381020,Bradley Pinion,P,P,82,0,1313381020,553388105,MEGA,Packers,2025-11-24 08:38:56.511754,False,0,False,,False,False,32,1,6,1994,Clemson,29,5,Bradley,Bradley Pinion,Bradley Pinion,45293,77,32,Concord,0,97,True,False,False,False,12,Pinion,511,7281,2604,82,82,0,2015,4,0,81,229,11,3300000,1800000,1500000,1500000,1,1800000,1,0,0,0,0,81,92,0,99,[],[],64,57,72,50,92,70,71,85,53,55,22,16,13,15,25,16,16,29,16,32,42,45,51,24,52,30,25,15,9,39,40,15,10,10,10,10,15,48,15,15,15,15,15,10,15,19,15,20,10,10,35,29,15,90,92,0,0,0,0,0,0,,0,0,0,0,5,0,0,0,0,0,0,0,0,0,0,0,0,0
GB,Packers,1313381376,Quay Walker,WILL,LB,81,1,1313381376,553388771,MEGA,Packers,2025-11-24 08:38:56.508541,False,392,False,,False,False,26,8,5,2000,Georgia,22,1,Quay,Quay Walker,Quay Walker,2465,76,9,Cordele,0,97,True,False,False,False,7,Walker,542,2006,22187,81,81,24,2022,15,0,76,241,4,6000000,1900000,16400000,18200000,5,12200000,4,0,0,0,0,76,86,0,96,[],[],90,86,78,50,91,78,88,89,75,85,71,24,45,45,45,45,45,45,15,6,6,29,6,6,20,7,6,67,53,57,55,49,61,10,50,37,52,73,35,28,30,32,50,65,87,77,57,77,56,45,91,90,64,16,19,0,1,0,0,0,0,,0,0,0,0,13,0,0,0,0,0,0,0,0,0,0,0,0,0
GB,Packers,1313381385,Tucker Kraft,TE,TE,81,1,1313381385,553387501,MEGA,Packers,2025-11-24 08:38:56.509423,False,439,False,,False,False,25,3,11,2000,South Dakota State,15,3,Tucker,Tucker Kraft,Tucker Kraft,5966,77,40,Timber Lake,0,97,True,False,False,False,85,Kraft,12,2279,22828,81,81,0,2023,3,0,79,259,3,1760000,1500000,260000,1040000,4,4500000,1,0,0,0,0,79,80,0,99,[],[],89,82,81,50,85,82,88,86,76,82,68,59,55,59,59,61,64,63,41,35,39,22,44,43,52,38,44,81,75,91,72,78,65,10,62,68,73,76,73,64,70,72,80,41,52,49,26,37,35,27,53,53,35,18,29,0,1,0,0,0,0,,0,0,0,0,11,0,0,0,0,0,0,0,0,0,0,0,0,0
GB,Packers,1313381372,Romeo Doubs,WR,WR,81,1,1313381372,553386663,MEGA,Packers,2025-11-24 08:38:56.508120,False,363,False,,False,False,26,13,4,2000,Nevada,27,4,Romeo,Romeo Doubs,Romeo Doubs,2728,74,4,Los Angeles,0,97,True,False,False,False,87,Doubs,158,1471,22076,81,81,24,2022,5,0,77,204,4,8950000,3950000,15000000,15170000,4,16900000,3,0,0,0,0,77,87,0,84,[],[],94,85,84,50,89,83,92,86,60,86,38,19,23,20,26,25,20,38,19,10,15,30,20,12,24,17,15,82,71,83,67,85,76,79,72,43,35,83,84,85,82,78,84,22,26,33,19,32,18,22,39,35,31,17,22,0,1,0,0,0,0,,0,0,0,0,13,0,0,0,0,0,0,0,0,0,0,0,0,0
GB,Packers,1313381431,Rico Dowdle,HB,RB,80,0,1313381431,553386666,MEGA,Packers,2025-11-24 08:38:56.511333,False,229,False,,False,False,28,14,6,1998,South Carolina,-1,63,Rico,Rico Dowdle,Rico Dowdle,13232,72,32,Asheville,0,97,True,False,False,False,5,Dowdle,0,259,21039,80,80,24,2020,4,0,80,215,6,4080000,1580000,5000000,5000000,2,3400000,2,0,0,0,0,80,86,0,91,[],[],90,84,84,50,82,87,88,84,75,84,51,38,35,39,55,37,39,49,28,26,30,30,36,30,39,22,15,87,85,68,93,44,85,78,79,74,81,86,55,47,51,58,54,20,20,28,15,20,20,20,40,36,20,23,25,0,0,0,0,0,0,,0,0,0,0,3,0,0,0,0,0,0,0,0,0,0,0,0,0
GB,Packers,1313381354,Matthew Golden,WR,WR,80,1,1313381354,553386932,MEGA,Packers,2025-11-24 08:38:56.505596,False,812,False,,False,False,23,1,8,2003,Texas,23,1,Matthew,Matthew Golden,Matthew Golden,5076,71,42,Houston,0,97,True,False,False,False,0,Golden,4,10562,15096,80,80,24,2025,0,0,78,191,1,3120000,1370000,5250000,7000000,4,6740000,3,0,0,0,0,78,89,0,79,[],[],97,92,77,50,89,85,91,89,61,86,47,33,15,22,24,26,24,54,25,30,31,18,38,32,52,31,26,82,72,85,74,81,82,83,80,42,40,91,82,82,78,78,85,28,30,35,31,32,24,24,36,24,26,24,30,0,1,0,0,0,0,,0,0,0,0,1,0,0,0,0,0,0,0,0,0,0,0,0,0
GB,Packers,1313380589,Alohi Gilman,FS,S,79,1,1313380589,553386915,MEGA,Packers,2025-11-24 08:38:56.513676,False,262,False,,False,False,28,17,9,1997,Notre Dame,7,6,Alohi,Alohi Gilman,Alohi Gilman,6030,70,10,Laie,0,97,True,False,False,False,34,Gilman,34,703,21016,79,79,0,2020,11,0,79,201,6,2350000,2350000,0,0,1,2350000,1,0,0,0,0,79,81,0,75,[],[],83,88,85,50,90,78,87,89,63,92,62,16,35,35,35,35,35,35,18,6,6,36,6,6,26,10,6,67,48,73,58,52,71,45,64,57,48,85,30,27,31,36,60,48,78,62,67,82,43,59,81,71,80,17,19,0,1,0,0,0,0,,0,0,0,0,3,0,0,0,0,0,0,0,0,0,0,0,0,0
GB,Packers,1313381350,Javon Bullard,SS,S,78,1,1313381350,553386348,MEGA,Packers,2025-11-24 08:38:56.504930,False,692,False,,False,False,23,5,9,2002,Georgia,26,2,Javon,Javon Bullard,Javon Bullard,5398,71,9,Milledgeville,0,97,True,False,False,False,20,Bullard,33,10024,14944,78,78,24,2024,0,0,77,198,2,1740000,1330000,820000,1640000,4,4730000,2,0,0,0,0,77,85,0,90,[],[],91,85,73,50,92,80,89,87,70,85,59,24,25,28,30,31,33,35,15,10,10,30,15,15,30,17,15,69,68,72,61,61,72,55,65,44,44,89,31,23,26,32,67,37,87,55,75,72,33,73,82,74,81,25,25,0,1,0,0,0,0,,0,0,0,0,3,0,0,0,0,0,0,0,0,0,0,0,0,0
GB,Packers,1313381382,Dontayvion Wicks,WR,WR,77,0,1313381382,553388862,MEGA,Packers,2025-11-24 08:38:56.508988,False,296,False,,False,False,25,16,6,2001,Virginia,24,5,Dontayvion,Dontayvion Wicks,Dontayvion Wicks,4411,73,17,Plaquemine,0,97,True,False,False,False,13,Wicks,2,2476,22772,77,77,0,2023,0,0,77,206,3,1220000,1140000,80000,320000,4,3830000,1,0,0,0,0,77,87,0,86,[],[],88,87,79,50,86,90,90,80,60,85,43,22,18,24,23,27,21,45,36,35,39,31,45,44,53,40,31,86,75,83,69,80,83,40,75,50,48,86,73,82,81,80,82,10,21,20,10,16,10,16,31,29,10,20,24,0,0,0,0,0,0,,0,0,0,0,11,0,0,0,0,0,0,0,0,0,0,0,0,0
GB,Packers,1313381355,Anthony Belton,RG,OL,77,1,1313381355,553386180,MEGA,Packers,2025-11-24 08:38:56.505807,False,351,False,,False,False,25,23,2,2001,N.C. State,22,2,Anthony,Anthony Belton,Anthony Belton,6677,78,8,Tallahassee,0,97,True,False,False,False,71,Belton,32,10489,15127,77,77,24,2025,0,0,76,336,1,1500000,1000000,1500000,2000000,4,4600000,3,0,0,0,0,76,83,0,99,[],[],68,59,77,50,90,74,64,88,86,90,86,84,84,80,83,75,75,82,12,6,9,30,6,6,15,11,6,22,11,22,24,15,14,23,23,33,31,55,16,5,5,16,21,32,39,44,13,12,39,10,30,31,15,15,11,0,1,0,0,0,0,,0,0,0,0,15,0,0,0,0,0,0,0,0,0,0,0,0,0
GB,Packers,1313381342,Evan Williams,FS,S,77,0,1313381342,553388879,MEGA,Packers,2025-11-24 08:38:56.503584,False,302,False,,False,False,25,28,7,2001,Oregon,11,4,Evan,Evan Williams,Evan Williams,2923,71,4,Los Gatos,0,97,True,False,False,False,33,Williams,815,10297,1080,77,77,24,2024,15,0,74,200,2,1270000,1070000,400000,800000,4,3980000,2,0,0,0,0,74,83,0,90,[],[],90,81,72,50,90,94,86,85,62,88,63,35,22,25,25,30,30,30,15,10,10,29,15,15,25,16,15,65,63,68,61,56,70,50,65,46,51,85,30,18,23,25,64,54,81,60,76,77,45,66,83,77,74,23,25,0,0,0,0,0,0,,0,0,0,0,3,0,0,0,0,0,0,0,0,0,0,0,0,0
GB,Packers,1388354157,Dalton Moran,SAM,LB,77,1,1388354157,553388357,MEGA,Packers,2025-11-24 08:38:56.512380,False,811,False,,False,False,22,9,12,2018,Georgia,3,2,Dalton,Dalton Moran,Dalton Moran,2597,73,37,PLACEHOLDER,0,97,True,False,False,False,57,Moran,0,3404,2247,77,77,24,2026,9,0,70,237,0,2650000,1380000,5080000,5080000,4,6520000,4,0,0,0,0,70,84,0,99,[],[],91,82,74,50,81,72,84,97,76,86,79,48,38,31,27,39,47,31,35,23,35,16,19,10,27,32,41,31,44,55,59,37,39,26,38,25,47,73,46,30,48,48,34,59,81,78,47,79,57,34,80,89,61,43,48,0,1,0,0,0,0,,0,0,0,0,1,0,0,0,0,0,0,0,0,0,0,0,0,0
GB,Packers,1313381361,Keisean Nixon,CB,CB,77,0,1313381361,553387938,MEGA,Packers,2025-11-24 08:38:56.507069,False,148,False,,False,False,29,22,6,1997,South Carolina,-1,63,Keisean,Keisean Nixon,Keisean Nixon,6080,70,4,Compton,0,97,True,False,False,False,25,Nixon,30,486,20723,77,77,0,2019,11,0,77,200,7,7160000,2160000,5000000,12830000,3,5160000,1,0,0,0,0,77,86,0,99,[],[],91,80,79,50,86,79,93,91,54,84,50,18,35,35,35,35,35,35,10,6,6,35,6,6,29,10,6,72,52,72,59,55,70,91,65,35,45,77,30,12,20,30,68,45,64,55,76,79,36,75,78,66,78,14,16,0,0,0,0,0,0,,0,0,0,0,8,0,0,0,0,0,0,0,0,0,0,0,0,0
GB,Packers,1313381346,Jordan Morgan,LT,OL,77,1,1313381346,553387855,MEGA,Packers,2025-11-24 08:38:56.504271,False,321,False,,False,False,25,4,8,2001,Arizona,25,1,Jordan,Jordan Morgan,Jordan Morgan,3165,77,29,Marana,0,97,True,False,False,False,77,Morgan,32,10186,14699,77,77,22,2024,0,0,75,311,2,3660000,1970000,3380000,6760000,4,6660000,2,0,0,0,0,75,85,0,99,[],[],80,62,78,50,88,70,71,86,87,83,86,83,80,85,84,78,74,78,13,11,15,9,21,8,23,7,9,19,18,27,40,15,21,10,15,27,29,56,15,9,13,15,15,21,37,31,16,29,25,10,22,35,18,12,19,0,1,0,0,0,0,,0,0,0,0,15,0,0,0,0,0,0,0,0,0,0,0,0,0
GB,Packers,1313380897,Jason Sanders,K,K,77,1,1313380897,553388319,MEGA,Packers,2025-11-24 08:38:56.511964,False,16,False,,False,False,30,16,11,1995,New Mexico,11,7,Jason,Jason Sanders,Jason Sanders,22296,71,4,Orange,0,97,True,False,False,False,2,Sanders,2775,9349,13478,77,77,0,2018,3,0,77,190,8,3100000,2000000,1100000,1100000,1,2000000,1,0,0,0,0,77,93,0,95,[],[],78,58,65,50,83,31,77,81,37,53,16,15,17,17,17,16,16,17,15,15,20,45,32,15,26,16,15,12,5,46,28,15,13,10,11,10,10,51,14,12,14,22,15,10,16,19,11,17,10,10,23,27,17,83,93,0,1,0,0,0,0,,0,0,0,0,5,0,0,0,0,0,0,0,0,0,0,0,0,0
GB,Packers,1313381386,Lukas Van Ness,LEDGE,DE,77,1,1313381386,553388732,MEGA,Packers,2025-11-24 08:38:56.509636,False,307,False,,False,False,25,6,7,2001,Iowa,13,1,Lukas,Lukas Van Ness,Lukas Van Ness,1141,77,12,Barrington,0,97,True,False,False,False,90,Van Ness,25,2442,22926,77,77,0,2023,20,0,73,272,3,4630000,1770000,2860000,10940000,4,5270000,1,0,0,0,0,73,86,0,99,[],[],91,83,75,50,91,76,86,76,81,90,78,25,35,35,35,40,40,40,21,16,20,24,25,10,31,12,12,35,23,42,44,35,41,10,33,50,45,73,17,5,6,13,35,62,89,80,35,69,76,28,84,82,41,21,23,0,1,0,0,0,0,,0,0,0,0,3,0,0,0,0,0,0,0,0,0,0,0,0,0
GB,Packers,1313381389,Carrington Valentine,CB,CB,76,0,1313381389,553388728,MEGA,Packers,2025-11-24 08:38:56.510057,False,418,False,,False,False,24,9,9,2001,Kentucky,15,7,Carrington,Carrington Valentine,Carrington Valentine,3034,72,34,Cincinnati,0,97,True,False,False,False,24,Valentine,29,2440,23077,76,76,0,2023,12,0,76,189,3,1170000,1140000,30000,120000,4,3830000,1,0,0,0,0,76,88,0,98,[],[],94,88,75,50,91,92,91,87,49,76,38,15,25,25,25,35,35,35,21,13,16,36,23,15,27,11,13,63,56,61,55,49,75,59,65,44,32,89,40,10,11,21,61,35,55,38,75,74,30,73,67,48,79,15,17,0,0,0,0,0,0,,0,0,0,0,13,0,0,0,0,0,0,0,0,0,0,0,0,0
GB,Packers,1313381345,MarShawn Lloyd,HB,RB,76,0,1313381345,553387591,MEGA,Packers,2025-11-24 08:38:56.504061,False,281,False,,False,False,25,5,1,2001,USC,25,3,MarShawn,MarShawn Lloyd,MarShawn Lloyd,2521,69,7,Wilmington,0,97,True,False,False,False,32,Lloyd,4,10161,14628,76,76,24,2024,0,0,76,215,2,1250000,1020000,460000,920000,4,3700000,2,0,0,0,0,76,89,0,91,[],[],92,88,75,50,78,86,90,85,73,78,32,27,29,32,53,18,23,29,22,12,16,31,22,17,26,17,16,78,79,63,85,50,85,55,82,77,71,87,50,52,55,60,49,10,24,25,10,16,10,14,33,30,17,12,18,0,0,0,0,0,0,,0,0,0,0,1,0,0,0,0,0,0,0,0,0,0,0,0,0
GB,Packers,1313380635,Derrick Nnadi,DT,DT,76,1,1313380635,553387941,MEGA,Packers,2025-11-24 08:38:56.511542,False,150,False,,False,False,30,9,5,1996,Florida State,11,3,Derrick,Derrick Nnadi,Derrick Nnadi,13672,73,45,Virginia Beach,0,97,True,False,False,False,97,Nnadi,373,9005,13136,76,76,0,2018,11,0,72,317,8,7100000,3200000,3900000,3900000,1,3200000,1,0,0,0,0,72,78,0,92,[],[],65,53,85,50,90,68,73,80,88,93,89,31,45,45,45,45,45,45,12,6,6,25,6,6,24,16,6,24,16,25,27,15,25,10,18,37,46,46,15,3,7,15,15,57,79,75,19,87,69,15,80,85,28,12,17,0,1,0,0,0,0,,0,0,0,0,13,0,0,0,0,0,0,0,0,0,0,0,0,0
GB,Packers,1313381375,Devonte Wyatt,DT,DT,76,1,1313381375,553388992,MEGA,Packers,2025-11-24 08:38:56.508330,False,166,False,,False,False,28,31,3,1998,Georgia,28,1,Devonte,Devonte Wyatt,Devonte Wyatt,10793,75,9,Decatur,0,97,True,False,False,False,95,Wyatt,23,2059,22166,76,76,0,2022,14,0,72,304,4,12930000,500000,12430000,18950000,5,6840000,1,0,0,0,0,72,84,0,95,[],[],88,69,78,50,91,72,80,79,86,85,89,32,45,45,45,45,45,45,12,5,5,25,5,5,25,10,5,31,25,41,39,38,23,12,20,34,50,60,22,19,24,27,34,80,83,78,24,74,69,15,81,80,29,21,26,0,1,0,0,0,0,,0,0,0,0,1,0,0,0,0,0,0,0,0,0,0,0,0,0
GB,Packers,1313381368,Isaiah McDuffie,SAM,LB,75,0,1313381368,553387723,MEGA,Packers,2025-11-24 08:38:56.507912,False,165,False,,False,False,27,21,7,1999,Boston College,36,6,Isaiah,Isaiah McDuffie,Isaiah McDuffie,4113,73,31,Buffalo,0,97,True,False,False,False,58,McDuffie,22,1046,21903,75,75,0,2021,12,0,72,227,5,4970000,3700000,1270000,2540000,2,5450000,1,0,0,0,0,72,83,0,99,[],[],89,75,77,50,86,79,87,79,73,78,71,29,45,45,45,45,45,45,22,9,12,25,21,17,24,13,6,73,54,60,74,41,68,10,60,68,71,68,35,24,29,33,39,52,79,71,61,78,48,42,84,89,60,12,14,0,0,0,0,0,0,,0,0,0,0,3,0,0,0,0,0,0,0,0,0,0,0,0,0
GB,Packers,1313381353,Savion Williams,WR,WR,75,1,1313381353,553388905,MEGA,Packers,2025-11-24 08:38:56.505361,False,450,False,,False,False,24,22,11,2001,TCU,23,3,Savion,Savion Williams,Savion Williams,4106,76,42,Marshall,0,97,True,False,False,False,83,Williams,4,10784,15063,75,75,24,2025,0,0,73,222,1,1130000,900000,690000,920000,4,3700000,3,0,0,0,0,73,88,0,99,[],[],90,86,76,50,88,90,90,89,71,82,41,27,14,21,24,32,33,48,44,49,48,51,47,50,55,39,41,85,75,84,75,86,80,69,72,57,59,84,79,77,75,69,84,36,40,42,35,29,33,22,41,26,37,32,26,0,1,0,0,0,0,,0,0,0,0,11,0,0,0,0,0,0,0,0,0,0,0,0,0
GB,Packers,1388354158,Archer LaRubio,DT,DT,73,0,1388354158,553387165,MEGA,Packers,2025-11-24 08:38:56.512605,False,574,False,,False,False,22,20,15,1984,Penn State,3,3,Archer,Archer LaRubio,Archer LaRubio,4072,77,34,PLACEHOLDER,0,97,True,False,False,False,93,LaRubio,0,3455,2117,73,73,24,2026,13,0,71,338,0,1570000,1190000,1520000,1520000,4,5200000,4,0,0,0,0,71,84,0,92,[],[],82,74,69,50,98,64,72,85,91,80,81,24,39,34,45,41,44,30,29,17,13,19,23,22,30,30,29,39,24,36,58,25,48,35,28,46,37,57,40,40,44,34,48,67,74,70,40,76,71,48,81,81,40,25,25,0,0,0,0,0,0,,0,0,0,0,1,0,0,0,0,0,0,0,0,0,0,0,0,0
GB,Packers,1313381356,Barryn Sorrell,REDGE,DE,72,0,1313381356,553388473,MEGA,Packers,2025-11-24 08:38:56.506019,False,427,False,,False,False,23,22,12,2002,Texas,22,4,Barryn,Barryn Sorrell,Barryn Sorrell,4848,75,17,New Orleans,0,97,True,False,False,False,99,Sorrell,2,10738,15179,72,72,24,2025,0,0,72,256,1,1090000,910000,540000,720000,4,3830000,3,0,0,0,0,72,83,0,95,[],[],85,80,73,50,90,82,83,87,82,91,79,26,45,45,45,45,45,45,17,7,10,30,15,18,13,12,15,36,28,47,47,43,32,31,29,36,28,73,34,27,32,37,45,68,79,73,36,71,74,32,79,77,46,19,24,0,0,0,0,0,0,,0,0,0,0,13,0,0,0,0,0,0,0,0,0,0,0,0,0
GB,Packers,1388354159,Mike McMillian,WR,WR,72,0,1388354159,553388102,MEGA,Packers,2025-11-24 08:38:56.512819,False,532,False,,False,False,22,30,9,2000,Vanderbilt,3,4,Mike,Mike McMillian,Mike McMillian,209,71,4,PLACEHOLDER,0,97,True,False,False,False,26,McMillian,0,4184,2411,72,72,24,2026,5,1,71,194,0,1440000,1160000,1120000,1120000,4,5040000,4,0,0,0,0,71,88,0,79,[],[],91,93,65,50,80,88,94,81,46,85,47,33,31,37,54,39,38,45,35,27,37,15,23,30,19,43,46,69,61,80,65,78,84,82,79,27,51,89,69,78,72,70,82,24,29,32,34,30,29,46,27,38,28,37,42,0,0,0,0,0,0,,0,0,0,0,1,0,0,0,0,0,0,0,0,0,0,0,0,0
GB,Packers,1313381357,Collin Oliver,REDGE,DE,72,0,1313381357,553387992,MEGA,Packers,2025-11-24 08:38:56.506228,False,433,False,,False,False,23,23,9,2002,Oklahoma State,23,5,Collin,Collin Oliver,Collin Oliver,2725,74,35,Oklahoma City,0,97,True,False,False,False,45,Oliver,0,10684,15184,72,72,24,2025,0,0,70,240,1,990000,910000,240000,320000,4,3830000,3,0,0,0,0,70,86,0,89,[],[],91,82,68,50,85,91,87,78,77,83,78,38,45,45,45,45,45,45,30,15,13,30,22,17,29,26,19,49,33,50,49,41,47,33,42,43,41,75,32,26,29,34,42,74,75,78,51,66,73,42,76,74,58,24,25,0,0,0,0,0,0,,0,0,0,0,3,0,0,0,0,0,0,0,0,0,0,0,0,0
GB,Packers,1313381388,Karl Brooks,DT,DT,72,0,1313381388,553386295,MEGA,Packers,2025-11-24 08:38:56.509847,False,160,False,,False,False,26,8,5,2000,Bowling Green State,2,6,Karl,Karl Brooks,Karl Brooks,3455,75,21,Lansing,0,97,True,False,False,False,94,Brooks,19,2912,22943,72,72,0,2023,12,0,72,296,3,1190000,1140000,50000,200000,4,3830000,1,0,0,0,0,72,79,0,97,[],[],79,67,77,50,93,73,70,75,84,79,84,28,45,45,45,45,45,45,15,6,7,9,8,6,23,14,7,19,14,44,41,38,26,10,23,24,26,47,11,5,6,12,37,70,86,76,22,74,79,27,72,78,30,9,10,0,0,0,0,0,0,,0,0,0,0,5,0,0,0,0,0,0,0,0,0,0,0,0,0
GB,Packers,1313380428,Ricky Stromberg,RG,OL,71,0,1313380428,553388534,MEGA,Packers,2025-11-24 08:38:56.512171,False,159,False,,False,False,25,10,11,2000,Arkansas,34,3,Ricky,Ricky Stromberg,Ricky Stromberg,592,76,35,Tulsa,0,97,True,False,False,False,69,Stromberg,28,2416,22857,71,71,0,2023,4,0,71,313,3,3400000,1200000,2200000,2200000,1,1200000,1,0,0,0,0,71,79,0,99,[],[],75,67,73,50,91,79,64,87,83,90,75,84,71,68,71,82,73,80,12,6,6,24,6,6,23,10,6,15,5,21,26,15,10,10,10,10,25,59,12,5,5,10,12,39,51,51,12,39,49,10,50,46,13,13,17,0,0,0,0,0,0,,0,0,0,0,5,0,0,0,0,0,0,0,0,0,0,0,0,0
GB,Packers,1313381398,Levi Drake Rodriguez,DT,DT,71,0,1313381398,553388268,MEGA,Packers,2025-11-24 08:38:56.510493,False,161,False,,False,False,26,4,8,2000,Texas A&M-Commerce,12,7,Levi Drake,Levi Drake Rodriguez,Levi Drake Rodriguez,3156,76,42,Georgetown,0,97,True,False,False,False,92,Rodriguez,0,10384,1153,71,71,24,2024,15,0,64,290,2,500000,0,0,0,2,1030000,2,0,0,0,0,64,76,0,99,[],[],64,63,67,50,90,66,72,84,84,85,82,18,45,45,45,45,45,45,12,9,9,30,9,9,20,17,9,33,24,42,26,18,31,10,21,34,32,58,15,4,8,15,15,66,81,79,21,69,65,25,76,84,28,12,16,0,0,0,0,0,0,,0,0,0,0,5,0,0,0,0,0,0,0,0,0,0,0,0,0
GB,Packers,1388355731,Dillon Jackson,WR,WR,69,0,1388355731,553387299,MEGA,Packers,2025-11-24 08:38:56.515973,False,298,False,,False,False,23,11,6,2061,Idaho State,14,7,Dillon,Dillon Jackson,Dillon Jackson,261,70,31,PLACEHOLDER,0,97,True,False,False,True,3,Jackson,0,3373,2398,69,69,24,2025,5,0,66,193,0,0,0,0,0,0,0,0,0,1,2710000,0,66,85,0,79,[],[],93,88,64,50,87,77,89,95,55,84,38,42,29,25,42,39,29,39,34,21,37,25,34,15,34,43,48,64,64,76,78,78,78,83,73,61,25,90,61,60,72,79,74,45,44,30,41,47,39,35,40,30,43,34,43,0,0,0,0,0,0,,0,0,0,0,1,0,0,0,0,0,0,0,0,0,0,0,0,0
GB,Packers,1313381942,Cade Stover,TE,TE,69,0,1313381942,553388526,MEGA,Packers,2025-11-24 08:38:56.514723,False,119,False,,False,False,26,12,6,2000,Ohio State,23,4,Cade,Cade Stover,Cade Stover,1394,76,34,Mansfield,0,97,True,False,False,False,86,Stover,4,10256,14680,69,69,0,2024,0,0,69,247,2,1650000,1650000,0,0,1,1650000,1,0,0,0,0,69,76,0,94,[],[],88,70,70,50,89,83,84,82,74,86,67,67,56,56,58,59,58,64,16,10,15,24,20,10,26,14,10,73,68,79,71,78,68,15,59,69,69,70,67,54,62,64,77,51,60,56,44,45,53,33,60,58,50,14,15,0,0,0,0,0,0,,0,0,0,0,11,0,0,0,0,0,0,0,0,0,0,0,0,0
GB,Packers,1313381397,Warren Brinson,DT,DT,69,0,1313381397,553386284,MEGA,Packers,2025-11-24 08:38:56.515765,False,217,False,,False,False,24,4,2,2002,Georgia,22,6,Warren,Warren Brinson,Warren Brinson,2807,77,9,Savannah,0,97,True,False,False,True,91,Brinson,0,10498,15212,69,69,24,2025,0,0,68,315,1,0,0,0,0,0,0,0,0,1,2800000,0,68,77,0,94,[],[],75,65,69,50,87,74,70,73,83,86,82,24,45,45,45,45,45,45,11,6,6,30,6,6,24,10,6,33,21,19,39,18,18,32,18,34,32,59,13,12,15,17,18,72,77,80,10,65,77,11,74,80,14,25,14,0,0,0,0,0,0,,0,0,0,0,5,0,0,0,0,0,0,0,0,0,0,0,0,0
GB,Packers,1313381352,Kitan Oladapo,SS,S,69,0,1313381352,553387987,MEGA,Packers,2025-11-24 08:38:56.505140,False,153,False,,False,False,25,20,10,2000,Oregon State,34,5,Kitan,Kitan Oladapo,Kitan Oladapo,2908,74,36,Happy Valley,0,50,False,False,False,False,27,Oladapo,11,10201,14967,69,69,24,2024,0,0,68,216,2,1090000,1030000,120000,240000,4,3830000,2,0,0,0,0,68,83,0,99,[],[],89,79,63,50,93,86,86,84,68,88,65,39,21,23,25,33,33,35,15,6,8,19,9,7,27,9,8,59,55,66,65,55,66,45,64,52,57,78,12,10,13,15,61,36,85,63,71,60,47,66,84,75,70,26,28,0,0,0,0,0,0,,0,0,0,0,2,0,0,0,0,0,0,0,0,0,0,0,0,0
GB,Packers,1313380885,Keilan Robinson,HB,RB,68,0,1313380885,553388253,MEGA,Packers,2025-11-24 08:38:56.516181,False,105,False,,False,False,26,16,2,2000,Texas,32,5,Keilan,Keilan Robinson,Keilan Robinson,2168,69,46,DC,0,97,True,False,False,True,29,Robinson,0,10231,22761,68,68,24,2024,6,0,68,185,2,0,0,0,0,0,0,0,0,1,1240000,0,68,87,0,99,[],[],91,86,63,50,88,80,92,81,69,83,29,25,26,31,45,21,15,27,24,10,15,25,20,17,28,13,10,76,74,65,83,47,81,83,74,68,70,84,46,44,52,57,47,10,28,28,11,16,10,14,34,36,16,14,15,0,0,0,0,0,0,,0,0,0,0,1,0,0,0,0,0,0,0,0,0,0,0,0,0
GB,Packers,1313381343,Jacob Monk,C,OL,68,0,1313381343,553387833,MEGA,Packers,2025-11-24 08:38:56.503850,False,139,False,,False,False,25,4,6,2001,Duke,28,5,Jacob,Jacob Monk,Jacob Monk,3978,75,32,Clayton,0,97,True,False,False,False,62,Monk,17,10185,1092,68,68,24,2024,6,0,68,308,2,920000,900000,40000,80000,4,3300000,2,0,0,0,0,68,81,0,92,[],[],76,67,73,50,94,73,69,84,83,85,81,80,74,68,74,76,65,71,9,10,11,30,15,8,25,9,9,10,5,27,25,22,10,10,10,10,15,57,12,5,8,15,26,21,39,21,11,26,23,9,36,28,10,19,25,0,0,0,0,0,0,,0,0,0,0,5,0,0,0,0,0,0,0,0,0,0,0,0,0
GB,Packers,1313381349,Ty'Ron Hopper,WILL,LB,68,0,1313381349,553387187,MEGA,Packers,2025-11-24 08:38:56.504720,False,143,False,,False,False,25,6,4,2001,Missouri,28,3,Ty'Ron,Ty'Ron Hopper,TyRon Hopper,2028,74,32,Shelby,0,97,True,False,False,False,59,Hopper,13,10110,14910,68,68,24,2024,0,0,67,228,2,1210000,980000,460000,920000,4,3590000,2,0,0,0,0,67,80,0,99,[],[],87,77,75,50,91,86,83,82,66,83,67,29,40,40,40,45,45,45,22,25,26,30,31,14,35,13,16,42,21,58,55,52,56,45,55,40,44,71,13,5,7,15,54,66,79,67,54,76,72,52,86,72,66,14,15,0,0,0,0,0,0,,0,0,0,0,2,0,0,0,0,0,0,0,0,0,0,0,0,0
GB,Packers,1313381399,Eric Scott Jr,CB,CB,68,0,1313381399,553388345,MEGA,Packers,2025-11-24 08:38:56.510703,False,119,False,,False,False,27,7,8,1999,Southern Miss,1,6,Eric,Eric Scott Jr,Eric Scott Jr,3890,73,15,Basehor,0,97,True,False,False,False,38,Scott Jr,0,10441,23076,68,68,24,2023,12,0,68,204,3,500000,0,0,0,2,1030000,2,0,0,0,0,68,86,0,97,[],[],90,81,69,50,90,93,86,87,62,78,49,23,30,30,30,35,35,35,23,15,18,36,22,21,31,22,15,70,57,70,59,57,71,56,63,54,34,79,24,16,21,24,65,34,65,55,62,71,26,74,64,56,72,15,15,0,0,0,0,0,0,,0,0,0,0,3,0,0,0,0,0,0,0,0,0,0,0,0,0
GB,Packers,1388355764,Aaron McManus,DT,DT,67,0,1388355764,553386407,MEGA,Packers,2025-11-24 08:38:56.516387,False,305,False,,False,False,22,9,7,1979,Clemson,252,63,Aaron,Aaron McManus,Aaron McManus,500,74,47,PLACEHOLDER,0,97,True,False,False,True,66,McManus,0,10333,2101,67,67,24,2025,19,0,64,348,0,0,0,0,0,0,0,0,0,1,2780000,0,64,78,0,90,[],[],83,53,62,50,83,65,66,79,85,80,76,27,30,31,46,43,47,37,30,30,13,14,12,26,21,48,47,36,43,37,52,24,45,27,43,32,47,58,44,25,47,42,42,59,75,71,26,70,69,33,74,79,28,45,47,0,0,0,0,0,0,,0,0,0,0,1,0,0,0,0,0,0,0,0,0,0,0,0,0
GB,Packers,1313380432,Jake Kubas,LG,OL,67,0,1313380432,553387506,MEGA,Packers,2025-11-24 08:38:56.514515,False,94,False,,False,False,26,13,8,2000,North Dakota State,-1,63,Jake,Jake Kubas,Jake Kubas,5019,76,33,Dickinson,0,97,True,False,False,False,63,Kubas,0,10931,1365,67,67,0,2024,2,0,67,308,2,1950000,1950000,0,0,1,1950000,1,0,0,0,0,67,82,0,99,[],[],72,61,65,50,91,76,65,83,86,88,79,80,75,69,75,72,67,70,12,6,6,40,6,6,23,12,6,14,6,28,40,10,12,14,11,38,25,59,12,5,5,19,12,17,37,31,12,27,22,10,33,34,12,17,22,0,0,0,0,0,0,,0,0,0,0,5,0,0,0,0,0,0,0,0,0,0,0,0,0
GB,Packers,1313382232,Tyler Huntley,QB,QB,67,0,1313382232,553387226,MEGA,Packers,2025-11-24 08:38:56.513888,False,182,False,,False,False,28,3,2,1998,Utah,-1,63,Tyler,Tyler Huntley,Tyler Huntley,4056,73,8,Dania,0,97,True,False,False,False,17,Huntley,125,904,21029,67,67,0,2020,2,0,63,204,6,1750000,1750000,0,0,1,1750000,1,0,0,0,0,63,0,0,89,[],[],91,85,63,50,84,88,85,80,53,88,15,10,10,10,11,10,10,11,79,73,77,78,83,79,86,78,77,74,60,46,60,43,68,10,69,25,38,82,20,18,21,29,45,10,12,17,10,13,10,10,24,17,12,11,17,0,0,0,0,0,0,,0,0,0,0,1,0,0,0,0,0,0,0,0,0,0,0,0,0
GB,Packers,1388354161,Oscar Hyde,CB,CB,66,0,1388354161,553386524,MEGA,Packers,2025-11-24 08:38:56.513239,False,268,False,,False,False,23,20,13,2057,North Carolina,3,6,Oscar,Oscar Hyde,Oscar Hyde,3014,71,16,PLACEHOLDER,0,97,True,False,False,False,31,Hyde,0,10348,2043,66,66,24,2026,12,0,63,209,0,1070000,970000,400000,400000,4,4200000,4,0,0,0,0,63,85,0,99,[],[],90,84,62,50,83,87,87,80,50,78,45,26,46,37,41,46,36,27,45,19,10,33,34,37,12,40,29,58,29,66,58,24,65,92,69,24,44,91,40,39,48,45,44,30,66,48,70,58,43,67,69,57,65,29,41,0,0,0,0,0,0,,0,0,0,0,1,0,0,0,0,0,0,0,0,0,0,0,0,0
GB,Packers,1313380828,Brevyn Spann-Ford,TE,TE,66,0,1313380828,553388476,MEGA,Packers,2025-11-24 08:38:56.514307,False,98,False,,False,False,26,27,12,1999,Minnesota,-1,63,Brevyn,Brevyn Spann-Ford,Brevyn SpannFord,2075,79,22,St. Cloud,0,97,True,False,False,False,89,Spann-Ford,0,10254,14691,66,66,0,2024,0,0,66,260,2,1350000,1350000,0,0,1,1350000,1,0,0,0,0,66,73,0,99,[],[],83,71,66,50,89,77,80,83,72,88,64,53,56,62,61,58,60,59,24,5,10,40,15,10,25,15,5,72,63,77,70,78,63,27,55,67,67,66,64,51,62,65,76,40,58,51,29,31,46,31,59,55,38,22,29,0,0,0,0,0,0,,0,0,0,0,11,0,0,0,0,0,0,0,0,0,0,0,0,0
GB,Packers,1313380749,Johnathan Edwards,CB,CB,66,0,1313380749,553389050,MEGA,Packers,2025-11-24 08:38:56.516607,False,184,False,,False,False,24,16,11,2001,Tulane,-1,63,Johnathan,Johnathan Edwards,Johnathan Edwards,2478,73,24,St. Louis,0,97,True,False,False,True,35,Edwards,0,0,4678,66,66,24,2025,12,0,64,201,1,0,0,0,0,0,0,0,0,1,1210000,0,64,87,0,97,[],[],90,83,57,50,86,91,92,85,59,87,45,15,30,30,30,35,35,35,13,6,6,26,6,6,25,10,6,65,49,66,55,52,72,50,65,35,28,77,24,12,16,24,59,33,57,43,70,59,29,70,73,57,67,12,14,0,0,0,0,0,0,,0,0,0,0,3,0,0,0,0,0,0,0,0,0,0,0,0,0
GB,Packers,1313381402,Kobee Minor,CB,CB,66,0,1313381402,553387816,MEGA,Packers,2025-11-24 08:38:56.515345,False,184,False,,False,False,24,8,7,2002,Memphis,41,7,Kobee,Kobee Minor,Kobee Minor,1823,71,42,Dallas,0,97,True,False,False,True,22,Minor,0,10861,16154,66,66,24,2025,0,0,66,188,1,0,0,0,0,0,0,0,0,1,1210000,0,66,84,0,99,[],[],90,78,69,50,87,86,87,84,55,79,40,26,35,25,35,35,25,35,24,27,29,19,12,17,20,30,33,64,44,65,50,47,68,48,60,32,25,78,26,24,24,23,58,24,48,43,65,69,30,67,68,51,71,23,24,0,0,0,0,0,0,,0,0,0,0,3,0,0,0,0,0,0,0,0,0,0,0,0,0
GB,Packers,1313381405,Lideatrick Griffin,WR,WR,66,0,1313381405,553386980,MEGA,Packers,2025-11-24 08:38:56.515559,False,120,False,,False,False,25,23,1,2001,Mississippi State,-1,63,Lideatrick,Lideatrick Griffin,Lideatrick Griffin,2220,70,23,Philadelphia,0,97,True,False,False,True,82,Griffin,0,0,1228,66,66,24,2024,6,0,66,181,2,0,0,0,0,0,0,0,0,1,1110000,0,66,86,0,79,[],[],92,84,61,50,90,83,91,78,53,79,36,19,13,18,30,20,26,43,20,6,10,26,15,10,24,19,6,76,72,79,71,71,78,82,73,47,41,84,63,67,68,69,79,19,24,28,20,21,11,20,33,27,28,16,20,0,0,0,0,0,0,,0,0,0,0,1,0,0,0,0,0,0,0,0,0,0,0,0,0
GB,Packers,1388354162,Esteban Cota,TE,TE,66,0,1388354162,553386123,MEGA,Packers,2025-11-24 08:38:56.513463,False,326,False,,False,False,22,17,5,1957,West Virginia,3,7,Esteban,Esteban Cota,Esteban Cota,1982,78,46,PLACEHOLDER,0,97,True,False,False,False,84,Cota,0,3900,2371,66,66,24,2026,1,0,63,254,0,1030000,970000,240000,240000,4,4200000,4,0,0,0,0,63,74,0,98,[],[],79,73,66,50,87,74,80,90,73,86,70,68,62,60,59,65,73,63,48,21,31,13,34,10,34,24,40,64,58,66,68,69,60,24,57,65,69,72,53,61,63,64,75,35,31,45,40,39,45,42,28,32,45,43,43,0,0,0,0,0,0,,0,0,0,0,1,0,0,0,0,0,0,0,0,0,0,0,0,0
GB,Packers,1313381396,Travis Glover,RT,OL,65,0,1313381396,553386925,MEGA,Packers,2025-11-24 08:38:56.510269,False,106,False,,False,False,26,17,8,2000,Georgia State,26,6,Travis,Travis Glover,Travis Glover,3634,78,9,Vienna,0,97,True,False,False,False,79,Glover,0,10387,1118,65,65,24,2024,0,0,63,317,2,720000,720000,0,0,2,1480000,2,0,0,0,0,63,82,0,99,[],[],69,50,69,50,95,69,63,83,86,87,80,81,68,70,71,69,71,73,9,6,8,35,11,7,19,5,6,10,11,25,22,10,10,10,10,24,21,51,12,5,7,10,12,35,40,37,9,24,42,10,38,44,8,8,9,0,0,0,0,0,0,,0,0,0,0,15,0,0,0,0,0,0,0,0,0,0,0,0,0
GB,Packers,1313381149,BJ Green II,LEDGE,DE,65,0,1313381149,553386861,MEGA,Packers,2025-11-24 08:38:56.517024,False,247,False,,False,False,23,3,7,2003,Colorado,0,63,BJ,BJ Green II,BJ Green II,3394,73,9,Atlanta,0,97,True,False,False,True,95,Green II,0,0,4737,65,65,24,2025,11,0,65,270,1,0,0,0,0,0,0,0,0,1,1700000,0,65,83,0,90,[],[],90,73,53,50,87,74,82,81,80,84,79,23,30,30,35,35,35,40,12,5,6,25,7,7,21,8,6,15,24,35,27,20,19,10,15,21,35,61,12,3,5,10,32,68,77,72,44,54,67,20,80,77,50,31,36,0,0,0,0,0,0,,0,0,0,0,10,0,0,0,0,0,0,0,0,0,0,0,0,0
GB,Packers,1313382050,Javion Cohen,RG,OL,65,0,1313382050,553386474,MEGA,Packers,2025-11-24 08:38:56.516816,False,174,False,,False,False,24,8,8,2002,Miami,-1,63,Javion,Javion Cohen,Javion Cohen,1460,76,0,Phenix City,0,50,False,False,False,True,67,Cohen,0,10034,14724,65,65,24,2024,0,0,63,322,2,0,0,0,0,0,0,0,0,1,1110000,0,63,79,0,99,[],[],66,48,59,50,89,67,61,85,83,83,80,83,69,74,75,69,70,73,33,31,22,14,31,23,16,46,34,24,31,29,23,25,47,28,25,48,47,45,27,10,15,18,26,26,30,41,31,18,42,35,27,40,42,29,25,0,0,0,0,0,0,,0,0,0,0,15,0,0,0,0,0,0,0,0,0,0,0,0,0
GB,Packers,1388355790,Tavaris Stokes,HB,RB,64,0,1388355790,553386055,MEGA,Packers,2025-11-24 08:38:56.517232,False,242,False,,False,False,23,8,12,1970,Wake Forest,27,63,Tavaris,Tavaris Stokes,Tavaris Stokes,261,70,31,PLACEHOLDER,0,97,True,False,False,True,23,Stokes,0,10330,2182,64,64,24,2025,5,0,64,205,0,0,0,0,0,0,0,0,0,1,1020000,0,64,87,0,96,[],[],89,88,66,50,90,81,91,90,64,85,32,34,31,33,43,44,45,30,37,11,27,16,21,10,21,27,42,70,73,71,75,65,81,93,72,68,71,84,61,49,58,70,68,38,45,43,44,39,39,29,24,36,29,37,46,0,0,0,0,0,0,,0,0,0,0,1,0,0,0,0,0,0,0,0,0,0,0,0,0
GB,Packers,1313382434,Mark Robinson,MIKE,LB,64,0,1313382434,553388255,MEGA,Packers,2025-11-24 08:38:56.514097,False,94,False,,False,False,27,14,8,1999,Ole Miss,4,7,Mark,Mark Robinson,Mark Robinson,1964,71,9,Leesburg,0,97,True,False,False,False,51,Robinson,0,2158,22502,64,64,0,2022,14,0,64,235,4,1850000,1850000,0,0,1,1850000,1,0,0,0,0,64,80,0,85,[],[],89,72,60,50,90,81,83,83,81,79,78,32,45,45,45,45,45,45,25,6,6,10,6,6,14,10,6,73,67,62,68,56,58,35,47,64,57,74,25,23,29,34,57,49,75,66,49,61,45,41,77,81,54,13,12,0,0,0,0,0,0,,0,0,0,0,1,0,0,0,0,0,0,0,0,0,0,0,0,0
GB,Packers,1313381406,Akeem Dent,FS,S,64,0,1313381406,553386627,MEGA,Packers,2025-11-24 08:38:56.515138,False,95,False,,False,False,26,26,1,2000,Florida State,-1,63,Akeem,Akeem Dent,Akeem Dent,3131,72,8,Pahokee,0,97,True,False,False,True,46,Dent,0,0,1259,64,64,24,2024,11,0,64,203,2,0,0,0,0,0,0,0,0,1,1110000,0,64,82,0,95,[],[],92,90,62,50,90,81,89,79,62,85,48,17,35,35,35,35,35,35,21,9,11,26,15,21,23,11,12,55,47,64,63,60,65,45,57,46,39,77,18,11,16,20,57,36,50,49,64,56,29,62,68,65,66,11,11,0,0,0,0,0,0,,0,0,0,0,3,0,0,0,0,0,0,0,0,0,0,0,0,0
GB,Packers,1388354160,Sammy Garland,LG,OL,64,1,1388354160,553388628,MEGA,Packers,2025-11-24 08:38:56.513031,False,339,False,,False,False,22,8,14,1971,Georgia,3,5,Sammy,Sammy Garland,Sammy Garland,312,74,21,PLACEHOLDER,0,97,True,False,False,False,70,Garland,0,3768,2224,64,64,24,2026,5,1,64,317,0,1190000,970000,880000,880000,4,4200000,4,0,0,0,0,64,85,0,92,[],[],82,70,63,50,91,72,66,87,87,84,84,79,68,64,64,68,60,68,48,37,16,20,33,11,15,48,31,37,35,45,57,45,46,31,37,46,42,47,44,40,34,46,45,26,43,30,42,34,47,43,30,25,26,24,41,0,1,0,0,0,0,,0,0,0,0,1,0,0,0,0,0,0,0,0,0,0,0,0,0
GB,Packers,1313381395,John Williams,RG,OL,64,0,1313381395,553388888,MEGA,Packers,2025-11-24 08:38:56.514930,False,174,False,,False,False,24,17,1,2002,Cincinnati,34,7,John,John Williams,John Williams,2941,76,12,Bolingbrook,0,97,True,False,False,True,73,Williams,0,10780,15131,64,64,24,2025,0,0,62,322,1,0,0,0,0,0,0,0,0,1,1030000,0,62,82,0,99,[],[],71,54,66,50,88,62,67,86,87,87,78,78,66,69,71,68,68,69,12,6,6,31,6,6,20,13,6,11,8,22,21,16,11,10,15,13,27,57,18,5,5,11,17,14,26,27,10,29,29,10,21,29,10,13,18,0,0,0,0,0,0,,0,0,0,0,15,0,0,0,0,0,0,0,0,0,0,0,0,0
GB,Packers,1313381401,Malaesala Aumavae-Laulu,LS,LS,24,0,1313381401,553386085,MEGA,Packers,2025-11-24 08:38:56.510914,False,0,False,,False,False,27,25,5,1999,Oregon,22,6,Malaesala,Malaesala Aumavae-Laulu,Malaesala AumavaeLaulu,1541,77,10,Hilo,0,97,True,False,False,False,53,Aumavae-Laulu,0,4667,22885,24,24,24,2023,2,0,24,322,3,850000,850000,0,0,2,1750000,2,0,0,0,0,33,78,0,99,[],[],77,63,63,50,93,71,69,87,80,84,77,82,71,73,73,73,75,73,7,5,5,11,5,5,11,7,5,22,21,29,32,19,15,10,17,27,33,56,15,11,13,15,25,19,26,30,8,32,22,8,25,30,9,22,29,0,0,0,0,0,0,,0,0,0,0,15,0,0,0,0,0,0,0,0,0,0,0,0,0
